id,value,time,datetime_format
2,63.36,1664219266,2022-09-26 21:07:46
8,63.24,1664219567,2022-09-26 21:12:47
14,63.15,1664219868,2022-09-26 21:17:48
19,63.81,1664220169,2022-09-26 21:22:49
25,64.8,1664220470,2022-09-26 21:27:50
31,64.16,1664220771,2022-09-26 21:32:51
41,64.19,1664221072,2022-09-26 21:37:52
55,64.26,1664221374,2022-09-26 21:42:54
69,64.55,1664221676,2022-09-26 21:47:56
83,64.9,1664221977,2022-09-26 21:52:57
97,64.30,1664222279,2022-09-26 21:57:59
111,63.97,1664222581,2022-09-26 22:03:01
125,64.30,1664222882,2022-09-26 22:08:02
138,63.77,1664223184,2022-09-26 22:13:04
151,64.11,1664223485,2022-09-26 22:18:05
165,64.37,1664223786,2022-09-26 22:23:06
179,63.61,1664224087,2022-09-26 22:28:07
193,64.6,1664224388,2022-09-26 22:33:08
207,64.19,1664224689,2022-09-26 22:38:09
221,64.6,1664224990,2022-09-26 22:43:10
236,64.36,1664225292,2022-09-26 22:48:12
250,64.73,1664225594,2022-09-26 22:53:14
263,64.73,1664225895,2022-09-26 22:58:15
276,64.22,1664226196,2022-09-26 23:03:16
289,64.26,1664226497,2022-09-26 23:08:17
303,64.51,1664226799,2022-09-26 23:13:19
317,64.33,1664227100,2022-09-26 23:18:20
331,64.19,1664227402,2022-09-26 23:23:22
345,64.47,1664227703,2022-09-26 23:28:23
360,64.43,1664228005,2022-09-26 23:33:25
374,63.86,1664228306,2022-09-26 23:38:26
386,64.73,1664228607,2022-09-26 23:43:27
400,64.44,1664228909,2022-09-26 23:48:29
413,64.38,1664229211,2022-09-26 23:53:31
427,63.56,1664229512,2022-09-26 23:58:32
441,63.49,1664229814,2022-09-27 00:03:34
455,63.34,1664230115,2022-09-27 00:08:35
469,63.22,1664230417,2022-09-27 00:13:37
483,63.11,1664230718,2022-09-27 00:18:38
496,63.4,1664231019,2022-09-27 00:23:39
510,63.0,1664231321,2022-09-27 00:28:41
523,63.9,1664231622,2022-09-27 00:33:42
538,63.33,1664231924,2022-09-27 00:38:44
552,63.56,1664232226,2022-09-27 00:43:46
566,63.77,1664232527,2022-09-27 00:48:47
580,63.75,1664232829,2022-09-27 00:53:49
594,63.74,1664233131,2022-09-27 00:58:51
608,63.88,1664233433,2022-09-27 01:03:53
621,63.81,1664233735,2022-09-27 01:08:55
635,63.95,1664234037,2022-09-27 01:13:57
648,63.93,1664234339,2022-09-27 01:18:59
662,64.2,1664234640,2022-09-27 01:24:00
676,63.88,1664234941,2022-09-27 01:29:01
690,63.99,1664235242,2022-09-27 01:34:02
704,64.5,1664235543,2022-09-27 01:39:03
718,64.37,1664235845,2022-09-27 01:44:05
732,64.27,1664236147,2022-09-27 01:49:07
745,64.38,1664236448,2022-09-27 01:54:08
759,63.86,1664236750,2022-09-27 01:59:10
772,63.38,1664237052,2022-09-27 02:04:12
786,63.93,1664237353,2022-09-27 02:09:13
800,63.97,1664237654,2022-09-27 02:14:14
814,64.12,1664237956,2022-09-27 02:19:16
828,63.99,1664238258,2022-09-27 02:24:18
841,63.93,1664238559,2022-09-27 02:29:19
855,63.59,1664238861,2022-09-27 02:34:21
868,64.8,1664239162,2022-09-27 02:39:22
882,64.48,1664239464,2022-09-27 02:44:24
896,64.48,1664239766,2022-09-27 02:49:26
910,64.26,1664240067,2022-09-27 02:54:27
924,63.95,1664240369,2022-09-27 02:59:29
938,63.61,1664240670,2022-09-27 03:04:30
952,63.65,1664240971,2022-09-27 03:09:31
965,63.11,1664241272,2022-09-27 03:14:32
978,63.13,1664241574,2022-09-27 03:19:34
992,63.6,1664241875,2022-09-27 03:24:35
1006,63.34,1664242176,2022-09-27 03:29:36
1020,63.4,1664242477,2022-09-27 03:34:37
1034,63.38,1664242779,2022-09-27 03:39:39
1048,63.0,1664243080,2022-09-27 03:44:40
1062,63.31,1664243381,2022-09-27 03:49:41
1076,63.63,1664243683,2022-09-27 03:54:43
1088,63.68,1664243984,2022-09-27 03:59:44
1102,63.91,1664244285,2022-09-27 04:04:45
1116,63.91,1664244586,2022-09-27 04:09:46
1130,63.84,1664244887,2022-09-27 04:14:47
1144,63.97,1664245188,2022-09-27 04:19:48
1158,63.18,1664245490,2022-09-27 04:24:50
1170,64.5,1664245792,2022-09-27 04:29:52
1184,63.95,1664246094,2022-09-27 04:34:54
1198,63.38,1664246395,2022-09-27 04:39:55
1212,63.52,1664246696,2022-09-27 04:44:56
1226,63.11,1664246998,2022-09-27 04:49:58
1240,63.25,1664247299,2022-09-27 04:54:59
1253,63.13,1664247601,2022-09-27 05:00:01
1266,63.18,1664247902,2022-09-27 05:05:02
1280,63.31,1664248203,2022-09-27 05:10:03
1294,63.13,1664248504,2022-09-27 05:15:04
1308,63.24,1664248806,2022-09-27 05:20:06
1322,63.41,1664249107,2022-09-27 05:25:07
1334,63.63,1664249408,2022-09-27 05:30:08
1346,63.63,1664249709,2022-09-27 05:35:09
1360,63.15,1664250010,2022-09-27 05:40:10
1374,64.5,1664250312,2022-09-27 05:45:12
1388,64.13,1664250614,2022-09-27 05:50:14
1402,63.72,1664250915,2022-09-27 05:55:15
1416,63.56,1664251216,2022-09-27 06:00:16
1430,63.20,1664251518,2022-09-27 06:05:18
1444,63.59,1664251820,2022-09-27 06:10:20
1456,64.16,1664252122,2022-09-27 06:15:22
1470,64.33,1664252423,2022-09-27 06:20:23
1484,63.91,1664252725,2022-09-27 06:25:25
1498,63.58,1664253027,2022-09-27 06:30:27
1512,63.41,1664253328,2022-09-27 06:35:28
1526,63.58,1664253629,2022-09-27 06:40:29
1540,63.16,1664253930,2022-09-27 06:45:30
1554,63.29,1664254231,2022-09-27 06:50:31
1568,63.34,1664254532,2022-09-27 06:55:32
1580,63.43,1664254834,2022-09-27 07:00:34
1594,63.4,1664255135,2022-09-27 07:05:35
1608,63.20,1664255437,2022-09-27 07:10:37
1622,63.31,1664255738,2022-09-27 07:15:38
1636,63.22,1664256040,2022-09-27 07:20:40
1650,63.47,1664256341,2022-09-27 07:25:41
1664,63.29,1664256643,2022-09-27 07:30:43
1677,63.34,1664256945,2022-09-27 07:35:45
1690,63.9,1664257247,2022-09-27 07:40:47
1704,63.40,1664257548,2022-09-27 07:45:48
1718,63.34,1664257850,2022-09-27 07:50:50
1732,63.29,1664258151,2022-09-27 07:55:51
1746,63.33,1664258453,2022-09-27 08:00:53
1760,63.79,1664258755,2022-09-27 08:05:55
1773,63.90,1664259057,2022-09-27 08:10:57
1786,63.54,1664259358,2022-09-27 08:15:58
1800,63.90,1664259660,2022-09-27 08:21:00
1814,63.75,1664259961,2022-09-27 08:26:01
1828,63.79,1664260263,2022-09-27 08:31:03
1842,63.68,1664260565,2022-09-27 08:36:05
1856,63.81,1664260866,2022-09-27 08:41:06
1869,63.54,1664261168,2022-09-27 08:46:08
1882,63.81,1664261470,2022-09-27 08:51:10
1896,63.81,1664261772,2022-09-27 08:56:12
1910,63.84,1664262074,2022-09-27 09:01:14
1924,63.72,1664262375,2022-09-27 09:06:15
1938,63.95,1664262676,2022-09-27 09:11:16
1952,64.41,1664262978,2022-09-27 09:16:18
1966,64.6,1664263280,2022-09-27 09:21:20
1980,63.86,1664263581,2022-09-27 09:26:21
1993,64.8,1664263883,2022-09-27 09:31:23
2006,64.30,1664264185,2022-09-27 09:36:25
2020,64.1,1664264487,2022-09-27 09:41:27
2034,63.97,1664264788,2022-09-27 09:46:28
2048,63.75,1664265090,2022-09-27 09:51:30
2062,63.86,1664265392,2022-09-27 09:56:32
2076,63.86,1664265694,2022-09-27 10:01:34
2090,63.97,1664265995,2022-09-27 10:06:35
2104,64.13,1664266296,2022-09-27 10:11:36
2118,64.9,1664266597,2022-09-27 10:16:37
2131,64.16,1664266898,2022-09-27 10:21:38
2144,64.23,1664267200,2022-09-27 10:26:40
2158,64.22,1664267501,2022-09-27 10:31:41
2172,64.69,1664267803,2022-09-27 10:36:43
2186,64.73,1664268105,2022-09-27 10:41:45
2200,64.73,1664268406,2022-09-27 10:46:46
2214,64.62,1664268707,2022-09-27 10:51:47
2228,64.72,1664269009,2022-09-27 10:56:49
2241,64.61,1664269310,2022-09-27 11:01:50
2254,64.63,1664269612,2022-09-27 11:06:52
2268,64.75,1664269913,2022-09-27 11:11:53
2282,64.54,1664270214,2022-09-27 11:16:54
2296,64.55,1664270516,2022-09-27 11:21:56
2310,64.62,1664270817,2022-09-27 11:26:57
2324,64.66,1664271119,2022-09-27 11:31:59
2338,64.66,1664271421,2022-09-27 11:37:01
2352,64.59,1664271722,2022-09-27 11:42:02
2365,64.55,1664272026,2022-09-27 11:47:06
2378,64.58,1664272328,2022-09-27 11:52:08
2392,64.58,1664272629,2022-09-27 11:57:09
2406,64.56,1664272930,2022-09-27 12:02:10
2420,64.65,1664273231,2022-09-27 12:07:11
2434,64.56,1664273532,2022-09-27 12:12:12
2448,64.55,1664273834,2022-09-27 12:17:14
2462,64.59,1664274136,2022-09-27 12:22:16
2475,64.58,1664274437,2022-09-27 12:27:17
2488,64.45,1664274739,2022-09-27 12:32:19
2502,64.58,1664275040,2022-09-27 12:37:20
2516,64.62,1664275341,2022-09-27 12:42:21
2530,64.61,1664275642,2022-09-27 12:47:22
2544,64.62,1664275943,2022-09-27 12:52:23
2558,64.58,1664276244,2022-09-27 12:57:24
2572,64.55,1664276546,2022-09-27 13:02:26
2586,64.55,1664276848,2022-09-27 13:07:28
2598,64.51,1664277150,2022-09-27 13:12:30
2612,64.37,1664277451,2022-09-27 13:17:31
2626,64.37,1664277752,2022-09-27 13:22:32
2640,64.41,1664278054,2022-09-27 13:27:34
2654,64.36,1664278355,2022-09-27 13:32:35
2668,64.16,1664278657,2022-09-27 13:37:37
2681,64.20,1664278958,2022-09-27 13:42:38
2694,64.13,1664279260,2022-09-27 13:47:40
2708,64.16,1664279561,2022-09-27 13:52:41
2722,64.12,1664279862,2022-09-27 13:57:42
2736,64.6,1664280164,2022-09-27 14:02:44
2750,63.99,1664280465,2022-09-27 14:07:45
2764,64.0,1664280769,2022-09-27 14:12:49
2778,64.1,1664281070,2022-09-27 14:17:50
2791,64.9,1664281372,2022-09-27 14:22:52
2804,63.88,1664281674,2022-09-27 14:27:54
2818,63.99,1664281976,2022-09-27 14:32:56
2832,63.81,1664282278,2022-09-27 14:37:58
2846,63.81,1664282580,2022-09-27 14:43:00
2860,63.70,1664282882,2022-09-27 14:48:02
2874,63.70,1664283184,2022-09-27 14:53:04
2887,63.63,1664283486,2022-09-27 14:58:06
2900,63.74,1664283787,2022-09-27 15:03:07
2914,63.75,1664284089,2022-09-27 15:08:09
2928,63.68,1664284390,2022-09-27 15:13:10
2942,63.61,1664284692,2022-09-27 15:18:12
2956,63.65,1664284993,2022-09-27 15:23:13
2970,63.70,1664285295,2022-09-27 15:28:15
2983,63.90,1664285597,2022-09-27 15:33:17
2997,63.81,1664285898,2022-09-27 15:38:18
3010,63.75,1664286200,2022-09-27 15:43:20
3024,63.63,1664286501,2022-09-27 15:48:21
3038,63.75,1664286803,2022-09-27 15:53:23
3052,63.72,1664287104,2022-09-27 15:58:24
3066,63.70,1664287406,2022-09-27 16:03:26
3079,63.58,1664287707,2022-09-27 16:08:27
3093,63.68,1664288009,2022-09-27 16:13:29
3107,63.63,1664288311,2022-09-27 16:18:31
3120,63.63,1664288612,2022-09-27 16:23:32
3134,63.79,1664288914,2022-09-27 16:28:34
3148,63.61,1664289215,2022-09-27 16:33:35
3162,63.47,1664289516,2022-09-27 16:38:36
3175,63.41,1664289817,2022-09-27 16:43:37
3189,63.49,1664290118,2022-09-27 16:48:38
3202,63.43,1664290420,2022-09-27 16:53:40
3216,63.49,1664290721,2022-09-27 16:58:41
3230,63.43,1664291023,2022-09-27 17:03:43
3244,63.41,1664291324,2022-09-27 17:08:44
3257,63.41,1664291625,2022-09-27 17:13:45
3271,63.41,1664291926,2022-09-27 17:18:46
3284,63.45,1664292227,2022-09-27 17:23:47
3298,63.50,1664292528,2022-09-27 17:28:48
3312,63.31,1664292829,2022-09-27 17:33:49
3326,63.33,1664293130,2022-09-27 17:38:50
3340,63.36,1664293431,2022-09-27 17:43:51
3353,63.29,1664293732,2022-09-27 17:48:52
3366,63.25,1664294034,2022-09-27 17:53:54
3380,63.22,1664294335,2022-09-27 17:58:55
3394,63.20,1664294636,2022-09-27 18:03:56
3408,63.13,1664294938,2022-09-27 18:08:58
3422,62.97,1664295239,2022-09-27 18:13:59
3436,63.11,1664295540,2022-09-27 18:19:00
3449,62.91,1664295842,2022-09-27 18:24:02
3463,63.4,1664296144,2022-09-27 18:29:04
3476,62.95,1664296446,2022-09-27 18:34:06
3490,62.81,1664296747,2022-09-27 18:39:07
3504,62.75,1664297048,2022-09-27 18:44:08
3518,62.66,1664297349,2022-09-27 18:49:09
3532,62.61,1664297650,2022-09-27 18:54:10
3546,62.86,1664297952,2022-09-27 18:59:12
3559,63.6,1664298253,2022-09-27 19:04:13
3572,63.20,1664298554,2022-09-27 19:09:14
3586,63.13,1664298856,2022-09-27 19:14:16
3600,63.27,1664299158,2022-09-27 19:19:18
3614,63.43,1664299460,2022-09-27 19:24:20
3628,63.50,1664299762,2022-09-27 19:29:22
3642,63.34,1664300063,2022-09-27 19:34:23
3656,63.43,1664300364,2022-09-27 19:39:24
3670,63.24,1664300665,2022-09-27 19:44:25
3682,63.36,1664300966,2022-09-27 19:49:26
3696,63.31,1664301267,2022-09-27 19:54:27
3710,63.50,1664301572,2022-09-27 19:59:32
3724,63.61,1664301874,2022-09-27 20:04:34
3738,63.50,1664302175,2022-09-27 20:09:35
3752,63.29,1664302479,2022-09-27 20:14:39
3753,63.31,1664302479,2022-09-27 20:14:39
3767,63.31,1664302780,2022-09-27 20:19:40
3781,63.65,1664303081,2022-09-27 20:24:41
3795,63.18,1664303382,2022-09-27 20:29:42
3809,63.56,1664303684,2022-09-27 20:34:44
3821,63.79,1664303985,2022-09-27 20:39:45
3835,63.63,1664304286,2022-09-27 20:44:46
3849,63.81,1664304588,2022-09-27 20:49:48
3863,63.79,1664304890,2022-09-27 20:54:50
3877,63.74,1664305191,2022-09-27 20:59:51
3891,63.77,1664305493,2022-09-27 21:04:53
3905,63.15,1664305795,2022-09-27 21:09:55
3917,63.47,1664306097,2022-09-27 21:14:57
3931,63.56,1664306398,2022-09-27 21:19:58
3945,63.56,1664306699,2022-09-27 21:24:59
3959,63.68,1664307001,2022-09-27 21:30:01
3973,63.63,1664307303,2022-09-27 21:35:03
3987,63.75,1664307604,2022-09-27 21:40:04
4000,63.22,1664307906,2022-09-27 21:45:06
4014,63.52,1664308207,2022-09-27 21:50:07
4027,64.5,1664308508,2022-09-27 21:55:08
4041,63.86,1664308809,2022-09-27 22:00:09
4055,63.84,1664309110,2022-09-27 22:05:10
4069,63.36,1664309412,2022-09-27 22:10:12
4083,63.52,1664309714,2022-09-27 22:15:14
4097,63.90,1664310015,2022-09-27 22:20:15
4111,63.93,1664310317,2022-09-27 22:25:17
4124,63.84,1664310618,2022-09-27 22:30:18
4138,63.93,1664310920,2022-09-27 22:35:20
4151,63.88,1664311222,2022-09-27 22:40:22
4165,63.86,1664311524,2022-09-27 22:45:24
4179,63.84,1664311825,2022-09-27 22:50:25
4193,64.34,1664312126,2022-09-27 22:55:26
4207,64.1,1664312428,2022-09-27 23:00:28
4221,64.16,1664312729,2022-09-27 23:05:29
4234,64.20,1664313030,2022-09-27 23:10:30
4248,64.16,1664313331,2022-09-27 23:15:31
4262,63.86,1664313632,2022-09-27 23:20:32
4275,63.97,1664313933,2022-09-27 23:25:33
4289,63.95,1664314234,2022-09-27 23:30:34
4303,63.91,1664314536,2022-09-27 23:35:36
4317,64.19,1664314838,2022-09-27 23:40:38
4331,64.45,1664315140,2022-09-27 23:45:40
4345,64.31,1664315441,2022-09-27 23:50:41
4358,64.29,1664315742,2022-09-27 23:55:42
4372,64.20,1664316044,2022-09-28 00:00:44
4385,64.15,1664316345,2022-09-28 00:05:45
4386,64.19,1664316345,2022-09-28 00:05:45
4400,64.41,1664316647,2022-09-28 00:10:47
4414,64.44,1664316948,2022-09-28 00:15:48
4428,64.77,1664317250,2022-09-28 00:20:50
4441,64.66,1664317551,2022-09-28 00:25:51
4455,64.77,1664317852,2022-09-28 00:30:52
4468,64.75,1664318153,2022-09-28 00:35:53
4482,64.83,1664318454,2022-09-28 00:40:54
4496,64.86,1664318756,2022-09-28 00:45:56
4510,64.68,1664319057,2022-09-28 00:50:57
4524,64.87,1664319358,2022-09-28 00:55:58
4538,64.73,1664319659,2022-09-28 01:00:59
4552,64.83,1664319961,2022-09-28 01:06:01
4564,64.83,1664320263,2022-09-28 01:11:03
4578,64.61,1664320565,2022-09-28 01:16:05
4592,64.2,1664320866,2022-09-28 01:21:06
4606,64.48,1664321168,2022-09-28 01:26:08
4620,64.50,1664321470,2022-09-28 01:31:10
4634,64.80,1664321771,2022-09-28 01:36:11
4648,65.25,1664322073,2022-09-28 01:41:13
4662,65.11,1664322375,2022-09-28 01:46:15
4675,65.5,1664322676,2022-09-28 01:51:16
4688,64.87,1664322977,2022-09-28 01:56:17
4702,64.97,1664323279,2022-09-28 02:01:19
4716,64.93,1664323580,2022-09-28 02:06:20
4730,64.91,1664323882,2022-09-28 02:11:22
4744,64.90,1664324184,2022-09-28 02:16:24
4758,64.80,1664324485,2022-09-28 02:21:25
4771,64.94,1664324786,2022-09-28 02:26:26
4784,64.44,1664325087,2022-09-28 02:31:27
4798,64.33,1664325388,2022-09-28 02:36:28
4812,64.18,1664325689,2022-09-28 02:41:29
4826,64.38,1664325991,2022-09-28 02:46:31
4840,64.8,1664326292,2022-09-28 02:51:32
4854,64.18,1664326593,2022-09-28 02:56:33
4867,63.90,1664326895,2022-09-28 03:01:35
4880,63.91,1664327196,2022-09-28 03:06:36
4894,63.91,1664327498,2022-09-28 03:11:38
4908,63.52,1664327800,2022-09-28 03:16:40
4922,63.81,1664328101,2022-09-28 03:21:41
4936,63.59,1664328403,2022-09-28 03:26:43
4950,63.49,1664328704,2022-09-28 03:31:44
4964,64.20,1664329006,2022-09-28 03:36:46
4977,63.68,1664329307,2022-09-28 03:41:47
4991,63.75,1664329608,2022-09-28 03:46:48
5004,63.43,1664329909,2022-09-28 03:51:49
5018,63.38,1664330211,2022-09-28 03:56:51
5032,63.43,1664330512,2022-09-28 04:01:52
5046,63.36,1664330814,2022-09-28 04:06:54
5060,63.38,1664331116,2022-09-28 04:11:56
5073,63.84,1664331418,2022-09-28 04:16:58
5087,64.19,1664331720,2022-09-28 04:22:00
5100,64.37,1664332022,2022-09-28 04:27:02
5114,63.99,1664332323,2022-09-28 04:32:03
5128,64.29,1664332625,2022-09-28 04:37:05
5142,64.38,1664332926,2022-09-28 04:42:06
5156,64.33,1664333228,2022-09-28 04:47:08
5169,64.51,1664333529,2022-09-28 04:52:09
5183,64.31,1664333831,2022-09-28 04:57:11
5197,64.27,1664334132,2022-09-28 05:02:12
5210,64.51,1664334433,2022-09-28 05:07:13
5224,64.1,1664334734,2022-09-28 05:12:14
5238,64.25,1664335035,2022-09-28 05:17:15
5252,64.33,1664335336,2022-09-28 05:22:16
5265,64.5,1664335637,2022-09-28 05:27:17
5279,64.29,1664335938,2022-09-28 05:32:18
5292,64.1,1664336239,2022-09-28 05:37:19
5306,64.12,1664336540,2022-09-28 05:42:20
5320,64.26,1664336842,2022-09-28 05:47:22
5333,64.23,1664337143,2022-09-28 05:52:23
5347,63.77,1664337444,2022-09-28 05:57:24
5360,64.1,1664337745,2022-09-28 06:02:25
5374,64.30,1664338047,2022-09-28 06:07:27
5388,64.51,1664338348,2022-09-28 06:12:28
5402,64.65,1664338650,2022-09-28 06:17:30
5415,64.55,1664338951,2022-09-28 06:22:31
5429,64.40,1664339253,2022-09-28 06:27:33
5443,64.40,1664339554,2022-09-28 06:32:34
5456,64.61,1664339856,2022-09-28 06:37:36
5470,64.70,1664340157,2022-09-28 06:42:37
5484,64.55,1664340458,2022-09-28 06:47:38
5497,64.61,1664340759,2022-09-28 06:52:39
5511,64.59,1664341060,2022-09-28 06:57:40
5524,64.61,1664341362,2022-09-28 07:02:42
5538,64.61,1664341663,2022-09-28 07:07:43
5552,64.72,1664341964,2022-09-28 07:12:44
5565,64.79,1664342265,2022-09-28 07:17:45
5579,65.0,1664342567,2022-09-28 07:22:47
5593,64.90,1664342868,2022-09-28 07:27:48
5606,65.15,1664343170,2022-09-28 07:32:50
5620,65.29,1664343472,2022-09-28 07:37:52
5634,65.55,1664343774,2022-09-28 07:42:54
5647,65.55,1664344076,2022-09-28 07:47:56
5661,65.54,1664344377,2022-09-28 07:52:57
5675,65.48,1664344678,2022-09-28 07:57:58
5688,65.51,1664344980,2022-09-28 08:03:00
5702,65.41,1664345281,2022-09-28 08:08:01
5715,65.37,1664345582,2022-09-28 08:13:02
5729,65.54,1664345883,2022-09-28 08:18:03
5743,65.50,1664346185,2022-09-28 08:23:05
5756,65.48,1664346487,2022-09-28 08:28:07
5770,65.58,1664346789,2022-09-28 08:33:09
5784,65.77,1664347091,2022-09-28 08:38:11
5797,65.68,1664347393,2022-09-28 08:43:13
5811,65.52,1664347695,2022-09-28 08:48:15
5824,65.66,1664347997,2022-09-28 08:53:17
5838,65.61,1664348298,2022-09-28 08:58:18
5852,65.58,1664348599,2022-09-28 09:03:19
5866,65.66,1664348900,2022-09-28 09:08:20
5880,65.56,1664349202,2022-09-28 09:13:22
5894,65.51,1664349504,2022-09-28 09:18:24
5908,65.51,1664349805,2022-09-28 09:23:25
5921,65.55,1664350106,2022-09-28 09:28:26
5935,65.58,1664350407,2022-09-28 09:33:27
5949,65.59,1664350708,2022-09-28 09:38:28
5963,65.56,1664351009,2022-09-28 09:43:29
5976,65.51,1664351311,2022-09-28 09:48:31
5990,65.44,1664351613,2022-09-28 09:53:33
6004,65.50,1664351915,2022-09-28 09:58:35
6017,65.41,1664352217,2022-09-28 10:03:37
6031,65.36,1664352519,2022-09-28 10:08:39
6045,65.27,1664352821,2022-09-28 10:13:41
6059,65.26,1664353122,2022-09-28 10:18:42
6072,65.4,1664353423,2022-09-28 10:23:43
6085,65.12,1664353724,2022-09-28 10:28:44
6099,65.5,1664354025,2022-09-28 10:33:45
6113,64.98,1664354327,2022-09-28 10:38:47
6127,64.90,1664354628,2022-09-28 10:43:48
6140,64.73,1664354930,2022-09-28 10:48:50
6153,64.63,1664355232,2022-09-28 10:53:52
6167,64.61,1664355534,2022-09-28 10:58:54
6181,64.52,1664355836,2022-09-28 11:03:56
6195,64.50,1664356138,2022-09-28 11:08:58
6209,64.48,1664356439,2022-09-28 11:13:59
6222,64.48,1664356741,2022-09-28 11:19:01
6235,64.38,1664357043,2022-09-28 11:24:03
6249,64.27,1664357344,2022-09-28 11:29:04
6263,64.38,1664357646,2022-09-28 11:34:06
6277,64.1,1664357948,2022-09-28 11:39:08
6290,64.8,1664358250,2022-09-28 11:44:10
6304,64.26,1664358551,2022-09-28 11:49:11
6317,64.27,1664358853,2022-09-28 11:54:13
6331,64.8,1664359155,2022-09-28 11:59:15
6345,64.5,1664359456,2022-09-28 12:04:16
6359,63.77,1664359757,2022-09-28 12:09:17
6372,63.72,1664360059,2022-09-28 12:14:19
6386,63.66,1664360361,2022-09-28 12:19:21
6399,63.63,1664360663,2022-09-28 12:24:23
6413,63.77,1664360964,2022-09-28 12:29:24
6427,62.97,1664361266,2022-09-28 12:34:26
6441,63.18,1664361567,2022-09-28 12:39:27
6455,63.33,1664361868,2022-09-28 12:44:28
6468,63.11,1664362170,2022-09-28 12:49:30
6481,62.59,1664362472,2022-09-28 12:54:32
6495,62.43,1664362773,2022-09-28 12:59:33
6509,62.33,1664363075,2022-09-28 13:04:35
6523,62.18,1664363376,2022-09-28 13:09:36
6537,61.84,1664363677,2022-09-28 13:14:37
6550,61.81,1664363978,2022-09-28 13:19:38
6563,61.63,1664364280,2022-09-28 13:24:40
6577,60.41,1664364581,2022-09-28 13:29:41
6591,61.4,1664364882,2022-09-28 13:34:42
6605,60.13,1664365184,2022-09-28 13:39:44
6618,58.93,1664365485,2022-09-28 13:44:45
6632,60.8,1664365786,2022-09-28 13:49:46
6645,60.0,1664366087,2022-09-28 13:54:47
6659,60.0,1664366389,2022-09-28 13:59:49
6673,58.86,1664366691,2022-09-28 14:04:51
6687,58.99,1664366992,2022-09-28 14:09:52
6701,58.81,1664367293,2022-09-28 14:14:53
6713,59.65,1664367595,2022-09-28 14:19:55
6727,59.29,1664367896,2022-09-28 14:24:56
6741,59.6,1664368197,2022-09-28 14:29:57
6755,59.2,1664368501,2022-09-28 14:35:01
6756,59.4,1664368501,2022-09-28 14:35:01
6770,57.65,1664368802,2022-09-28 14:40:02
6784,59.6,1664369103,2022-09-28 14:45:03
6798,58.97,1664369404,2022-09-28 14:50:04
6812,58.86,1664369705,2022-09-28 14:55:05
6824,58.40,1664370006,2022-09-28 15:00:06
6838,58.50,1664370307,2022-09-28 15:05:07
6852,58.43,1664370608,2022-09-28 15:10:08
6866,58.2,1664370909,2022-09-28 15:15:09
6880,58.31,1664371211,2022-09-28 15:20:11
6894,58.6,1664371512,2022-09-28 15:25:12
6906,58.22,1664371813,2022-09-28 15:30:13
6920,58.11,1664372114,2022-09-28 15:35:14
6934,58.4,1664372416,2022-09-28 15:40:16
6948,58.13,1664372718,2022-09-28 15:45:18
6962,58.18,1664373020,2022-09-28 15:50:20
6976,58.2,1664373321,2022-09-28 15:55:21
6990,58.2,1664373622,2022-09-28 16:00:22
7004,58.15,1664373923,2022-09-28 16:05:23
7016,58.11,1664374224,2022-09-28 16:10:24
7030,58.38,1664374525,2022-09-28 16:15:25
7044,58.56,1664374826,2022-09-28 16:20:26
7058,58.52,1664375127,2022-09-28 16:25:27
7072,58.68,1664375428,2022-09-28 16:30:28
7086,58.54,1664375730,2022-09-28 16:35:30
7100,58.31,1664376031,2022-09-28 16:40:31
7113,58.18,1664376333,2022-09-28 16:45:33
7126,58.31,1664376634,2022-09-28 16:50:34
7140,58.4,1664376935,2022-09-28 16:55:35
7154,58.16,1664377237,2022-09-28 17:00:37
7168,58.25,1664377538,2022-09-28 17:05:38
7182,58.65,1664377840,2022-09-28 17:10:40
7196,58.34,1664378141,2022-09-28 17:15:41
7210,58.54,1664378442,2022-09-28 17:20:42
7224,58.52,1664378743,2022-09-28 17:25:43
7237,58.41,1664379045,2022-09-28 17:30:45
7250,57.99,1664379346,2022-09-28 17:35:46
7264,58.27,1664379648,2022-09-28 17:40:48
7278,57.52,1664379950,2022-09-28 17:45:50
7292,58.38,1664380251,2022-09-28 17:50:51
7306,58.43,1664380553,2022-09-28 17:55:53
7320,58.52,1664380854,2022-09-28 18:00:54
7334,58.50,1664381156,2022-09-28 18:05:56
7348,58.40,1664381457,2022-09-28 18:10:57
7361,58.61,1664381758,2022-09-28 18:15:58
7375,58.59,1664382060,2022-09-28 18:21:00
7389,58.54,1664382361,2022-09-28 18:26:01
7403,58.59,1664382663,2022-09-28 18:31:03
7417,58.56,1664382965,2022-09-28 18:36:05
7431,58.47,1664383267,2022-09-28 18:41:07
7444,58.18,1664383568,2022-09-28 18:46:08
7458,58.50,1664383870,2022-09-28 18:51:10
7471,58.34,1664384171,2022-09-28 18:56:11
7485,58.49,1664384472,2022-09-28 19:01:12
7499,58.59,1664384773,2022-09-28 19:06:13
7513,58.59,1664385075,2022-09-28 19:11:15
7526,58.65,1664385376,2022-09-28 19:16:16
7540,58.63,1664385677,2022-09-28 19:21:17
7554,58.61,1664385978,2022-09-28 19:26:18
7568,58.61,1664386280,2022-09-28 19:31:20
7581,58.63,1664386581,2022-09-28 19:36:21
7595,58.66,1664386883,2022-09-28 19:41:23
7608,58.75,1664387184,2022-09-28 19:46:24
7622,58.83,1664387486,2022-09-28 19:51:26
7635,58.88,1664387788,2022-09-28 19:56:28
7649,58.93,1664388089,2022-09-28 20:01:29
7663,58.97,1664388391,2022-09-28 20:06:31
7677,59.0,1664388692,2022-09-28 20:11:32
7691,58.97,1664388993,2022-09-28 20:16:33
7704,58.95,1664389295,2022-09-28 20:21:35
7718,58.97,1664389597,2022-09-28 20:26:37
7731,59.0,1664389898,2022-09-28 20:31:38
7745,59.6,1664390200,2022-09-28 20:36:40
7759,59.4,1664390502,2022-09-28 20:41:42
7773,59.13,1664390804,2022-09-28 20:46:44
7786,59.25,1664391105,2022-09-28 20:51:45
7800,59.34,1664391407,2022-09-28 20:56:47
7814,59.24,1664391710,2022-09-28 21:01:50
7827,59.15,1664392012,2022-09-28 21:06:52
7841,59.22,1664392314,2022-09-28 21:11:54
7855,59.29,1664392615,2022-09-28 21:16:55
7869,59.36,1664392916,2022-09-28 21:21:56
7882,59.36,1664393218,2022-09-28 21:26:58
7896,59.36,1664393519,2022-09-28 21:31:59
7910,59.40,1664393821,2022-09-28 21:37:01
7923,59.36,1664394122,2022-09-28 21:42:02
7937,59.36,1664394423,2022-09-28 21:47:03
7950,59.40,1664394724,2022-09-28 21:52:04
7963,59.47,1664395025,2022-09-28 21:57:05
7977,59.45,1664395327,2022-09-28 22:02:07
7991,59.68,1664395629,2022-09-28 22:07:09
8005,59.65,1664395931,2022-09-28 22:12:11
8019,59.68,1664396233,2022-09-28 22:17:13
8033,59.75,1664396535,2022-09-28 22:22:15
8047,59.70,1664396836,2022-09-28 22:27:16
8060,59.81,1664397137,2022-09-28 22:32:17
8074,59.84,1664397438,2022-09-28 22:37:18
8087,59.66,1664397740,2022-09-28 22:42:20
8101,59.63,1664398042,2022-09-28 22:47:22
8115,59.75,1664398344,2022-09-28 22:52:24
8129,59.77,1664398646,2022-09-28 22:57:26
8143,59.81,1664398947,2022-09-28 23:02:27
8157,60.0,1664399249,2022-09-28 23:07:29
8170,60.0,1664399551,2022-09-28 23:12:31
8184,59.90,1664399853,2022-09-28 23:17:33
8198,59.90,1664400154,2022-09-28 23:22:34
8212,60.4,1664400456,2022-09-28 23:27:36
8225,60.15,1664400757,2022-09-28 23:32:37
8239,60.22,1664401058,2022-09-28 23:37:38
8253,60.13,1664401360,2022-09-28 23:42:40
8267,60.31,1664401662,2022-09-28 23:47:42
8280,60.47,1664401964,2022-09-28 23:52:44
8294,60.47,1664402266,2022-09-28 23:57:46
8308,60.38,1664402567,2022-09-29 00:02:47
8321,60.22,1664402869,2022-09-29 00:07:49
8335,60.49,1664403171,2022-09-29 00:12:51
8349,60.18,1664403472,2022-09-29 00:17:52
8363,60.38,1664403774,2022-09-29 00:22:54
8376,60.86,1664404075,2022-09-29 00:27:55
8390,60.90,1664404376,2022-09-29 00:32:56
8404,61.9,1664404678,2022-09-29 00:37:58
8418,60.97,1664404980,2022-09-29 00:43:00
8431,61.0,1664405282,2022-09-29 00:48:02
8445,61.13,1664405583,2022-09-29 00:53:03
8459,61.0,1664405884,2022-09-29 00:58:04
8473,61.9,1664406185,2022-09-29 01:03:05
8487,61.2,1664406487,2022-09-29 01:08:07
8500,61.4,1664406788,2022-09-29 01:13:08
8514,61.0,1664407089,2022-09-29 01:18:09
8528,60.97,1664407391,2022-09-29 01:23:11
8542,61.2,1664407693,2022-09-29 01:28:13
8555,61.9,1664407994,2022-09-29 01:33:14
8569,60.79,1664408296,2022-09-29 01:38:16
8583,61.9,1664408597,2022-09-29 01:43:17
8597,61.2,1664408902,2022-09-29 01:48:22
8610,61.25,1664409203,2022-09-29 01:53:23
8624,61.38,1664409504,2022-09-29 01:58:24
8638,61.8,1664409805,2022-09-29 02:03:25
8652,61.2,1664410106,2022-09-29 02:08:26
8665,61.6,1664410407,2022-09-29 02:13:27
8679,60.93,1664410708,2022-09-29 02:18:28
8693,61.31,1664411010,2022-09-29 02:23:30
8707,61.59,1664411311,2022-09-29 02:28:31
8720,61.18,1664411612,2022-09-29 02:33:32
8734,61.13,1664411914,2022-09-29 02:38:34
8747,61.61,1664412215,2022-09-29 02:43:35
8761,61.79,1664412516,2022-09-29 02:48:36
8775,61.56,1664412817,2022-09-29 02:53:37
8789,61.68,1664413119,2022-09-29 02:58:39
8803,61.81,1664413421,2022-09-29 03:03:41
8816,61.86,1664413723,2022-09-29 03:08:43
8830,61.77,1664414025,2022-09-29 03:13:45
8844,62.2,1664414326,2022-09-29 03:18:46
8857,61.97,1664414628,2022-09-29 03:23:48
8871,62.8,1664414929,2022-09-29 03:28:49
8885,62.34,1664415230,2022-09-29 03:33:50
8899,61.61,1664415532,2022-09-29 03:38:52
8913,61.63,1664415834,2022-09-29 03:43:54
8926,62.6,1664416136,2022-09-29 03:48:56
8940,62.16,1664416438,2022-09-29 03:53:58
8953,61.97,1664416739,2022-09-29 03:58:59
8967,62.47,1664417041,2022-09-29 04:04:01
8981,63.2,1664417342,2022-09-29 04:09:02
8994,62.59,1664417645,2022-09-29 04:14:05
9008,62.68,1664417946,2022-09-29 04:19:06
9022,62.56,1664418248,2022-09-29 04:24:08
9036,62.81,1664418549,2022-09-29 04:29:09
9049,62.93,1664418851,2022-09-29 04:34:11
9063,62.90,1664419152,2022-09-29 04:39:12
9077,62.86,1664419454,2022-09-29 04:44:14
9090,62.77,1664419756,2022-09-29 04:49:16
9104,62.72,1664420057,2022-09-29 04:54:17
9118,62.81,1664420358,2022-09-29 04:59:18
9132,62.75,1664420659,2022-09-29 05:04:19
9145,62.77,1664420960,2022-09-29 05:09:20
9159,62.90,1664421261,2022-09-29 05:14:21
9173,62.72,1664421563,2022-09-29 05:19:23
9186,63.58,1664421864,2022-09-29 05:24:24
9200,63.36,1664422165,2022-09-29 05:29:25
9214,62.79,1664422467,2022-09-29 05:34:27
9228,63.4,1664422768,2022-09-29 05:39:28
9241,63.18,1664423069,2022-09-29 05:44:29
9255,62.75,1664423370,2022-09-29 05:49:30
9269,63.2,1664423672,2022-09-29 05:54:32
9282,63.31,1664423974,2022-09-29 05:59:34
9296,62.88,1664424275,2022-09-29 06:04:35
9310,62.70,1664424576,2022-09-29 06:09:36
9324,62.43,1664424877,2022-09-29 06:14:37
9337,62.90,1664425179,2022-09-29 06:19:39
9351,63.36,1664425481,2022-09-29 06:24:41
9365,63.54,1664425782,2022-09-29 06:29:42
9379,63.38,1664426083,2022-09-29 06:34:43
9392,63.31,1664426384,2022-09-29 06:39:44
9406,63.27,1664426686,2022-09-29 06:44:46
9420,63.29,1664426988,2022-09-29 06:49:48
9434,63.47,1664427289,2022-09-29 06:54:49
9447,63.31,1664427590,2022-09-29 06:59:50
9461,63.25,1664427892,2022-09-29 07:04:52
9475,63.13,1664428194,2022-09-29 07:09:54
9488,63.43,1664428495,2022-09-29 07:14:55
9502,63.31,1664428796,2022-09-29 07:19:56
9516,63.47,1664429098,2022-09-29 07:24:58
9530,63.38,1664429400,2022-09-29 07:30:00
9543,63.20,1664429702,2022-09-29 07:35:02
9557,63.56,1664430004,2022-09-29 07:40:04
9570,63.58,1664430305,2022-09-29 07:45:05
9584,63.50,1664430606,2022-09-29 07:50:06
9598,63.54,1664430907,2022-09-29 07:55:07
9612,63.8,1664431208,2022-09-29 08:00:08
9626,62.86,1664431509,2022-09-29 08:05:09
9639,62.88,1664431811,2022-09-29 08:10:11
9652,62.84,1664432112,2022-09-29 08:15:12
9666,63.47,1664432413,2022-09-29 08:20:13
9680,63.59,1664432715,2022-09-29 08:25:15
9694,63.99,1664433016,2022-09-29 08:30:16
9708,64.1,1664433317,2022-09-29 08:35:17
9721,63.93,1664433619,2022-09-29 08:40:19
9735,63.84,1664433921,2022-09-29 08:45:21
9748,63.83,1664434222,2022-09-29 08:50:22
9762,63.90,1664434524,2022-09-29 08:55:24
9776,64.0,1664434826,2022-09-29 09:00:26
9790,63.97,1664435127,2022-09-29 09:05:27
9803,64.5,1664435428,2022-09-29 09:10:28
9817,64.11,1664435730,2022-09-29 09:15:30
9831,64.1,1664436032,2022-09-29 09:20:32
9844,64.9,1664436333,2022-09-29 09:25:33
9858,64.51,1664436635,2022-09-29 09:30:35
9872,64.30,1664436937,2022-09-29 09:35:37
9886,64.62,1664437238,2022-09-29 09:40:38
9900,64.47,1664437539,2022-09-29 09:45:39
9913,64.50,1664437840,2022-09-29 09:50:40
9927,64.48,1664438141,2022-09-29 09:55:41
9941,64.44,1664438442,2022-09-29 10:00:42
9954,64.12,1664438744,2022-09-29 10:05:44
9968,64.29,1664439045,2022-09-29 10:10:45
9982,64.16,1664439346,2022-09-29 10:15:46
9996,64.26,1664439648,2022-09-29 10:20:48
10009,64.36,1664439949,2022-09-29 10:25:49
10023,64.1,1664440251,2022-09-29 10:30:51
10037,64.22,1664440552,2022-09-29 10:35:52
10051,63.97,1664440853,2022-09-29 10:40:53
10064,64.38,1664441155,2022-09-29 10:45:55
10078,64.25,1664441456,2022-09-29 10:50:56
10092,64.56,1664441757,2022-09-29 10:55:57
10105,64.20,1664442059,2022-09-29 11:00:59
10119,64.8,1664442361,2022-09-29 11:06:01
10133,63.90,1664442662,2022-09-29 11:11:02
10147,64.40,1664442964,2022-09-29 11:16:04
10160,64.55,1664443266,2022-09-29 11:21:06
10174,64.23,1664443567,2022-09-29 11:26:07
10188,63.99,1664443869,2022-09-29 11:31:09
10202,64.41,1664444171,2022-09-29 11:36:11
10215,64.36,1664444473,2022-09-29 11:41:13
10229,64.51,1664444775,2022-09-29 11:46:15
10243,64.1,1664445077,2022-09-29 11:51:17
10257,64.45,1664445378,2022-09-29 11:56:18
10270,64.56,1664445680,2022-09-29 12:01:20
10284,64.41,1664445982,2022-09-29 12:06:22
10298,64.12,1664446284,2022-09-29 12:11:24
10311,64.33,1664446586,2022-09-29 12:16:26
10325,64.40,1664446888,2022-09-29 12:21:28
10339,63.79,1664447190,2022-09-29 12:26:30
10352,64.5,1664447491,2022-09-29 12:31:31
10366,64.40,1664447792,2022-09-29 12:36:32
10380,64.45,1664448093,2022-09-29 12:41:33
10394,64.1,1664448394,2022-09-29 12:46:34
10408,64.5,1664448695,2022-09-29 12:51:35
10421,63.79,1664448996,2022-09-29 12:56:36
10435,64.1,1664449297,2022-09-29 13:01:37
10449,64.19,1664449599,2022-09-29 13:06:39
10462,64.12,1664449900,2022-09-29 13:11:40
10476,64.47,1664450202,2022-09-29 13:16:42
10490,63.99,1664450503,2022-09-29 13:21:43
10504,64.30,1664450805,2022-09-29 13:26:45
10518,64.29,1664451106,2022-09-29 13:31:46
10531,64.40,1664451407,2022-09-29 13:36:47
10545,64.27,1664451708,2022-09-29 13:41:48
10558,64.51,1664452010,2022-09-29 13:46:50
10572,64.81,1664452312,2022-09-29 13:51:52
10586,64.58,1664452613,2022-09-29 13:56:53
10600,64.62,1664452915,2022-09-29 14:01:55
10614,64.62,1664453216,2022-09-29 14:06:56
10627,64.41,1664453518,2022-09-29 14:11:58
10640,64.80,1664453820,2022-09-29 14:17:00
10654,64.44,1664454121,2022-09-29 14:22:01
10668,64.76,1664454423,2022-09-29 14:27:03
10682,64.45,1664454725,2022-09-29 14:32:05
10696,64.90,1664455027,2022-09-29 14:37:07
10710,65.0,1664455328,2022-09-29 14:42:08
10723,64.75,1664455630,2022-09-29 14:47:10
10737,65.0,1664455931,2022-09-29 14:52:11
10750,65.8,1664456233,2022-09-29 14:57:13
10764,65.5,1664456534,2022-09-29 15:02:14
10778,65.9,1664456836,2022-09-29 15:07:16
10792,65.22,1664457137,2022-09-29 15:12:17
10806,65.23,1664457438,2022-09-29 15:17:18
10819,65.30,1664457739,2022-09-29 15:22:19
10833,65.36,1664458040,2022-09-29 15:27:20
10846,65.11,1664458342,2022-09-29 15:32:22
10860,65.12,1664458644,2022-09-29 15:37:24
10874,65.23,1664458946,2022-09-29 15:42:26
10888,65.26,1664459248,2022-09-29 15:47:28
10902,65.19,1664459549,2022-09-29 15:52:29
10916,65.22,1664459850,2022-09-29 15:57:30
10929,65.51,1664460152,2022-09-29 16:02:32
10943,65.19,1664460453,2022-09-29 16:07:33
10956,65.44,1664460755,2022-09-29 16:12:35
10970,65.30,1664461057,2022-09-29 16:17:37
10984,65.30,1664461359,2022-09-29 16:22:39
10998,65.38,1664461660,2022-09-29 16:27:40
11012,65.26,1664461961,2022-09-29 16:32:41
11025,65.29,1664462262,2022-09-29 16:37:42
11039,65.26,1664462564,2022-09-29 16:42:44
11052,65.29,1664462866,2022-09-29 16:47:46
11066,65.29,1664463167,2022-09-29 16:52:47
11080,65.19,1664463468,2022-09-29 16:57:48
11094,65.47,1664463770,2022-09-29 17:02:50
11108,65.37,1664464071,2022-09-29 17:07:51
11121,65.33,1664464372,2022-09-29 17:12:52
11135,65.25,1664464674,2022-09-29 17:17:54
11149,65.29,1664464975,2022-09-29 17:22:55
11162,65.37,1664465276,2022-09-29 17:27:56
11176,65.19,1664465578,2022-09-29 17:32:58
11190,65.13,1664465880,2022-09-29 17:38:00
11204,65.11,1664466182,2022-09-29 17:43:02
11218,65.13,1664466484,2022-09-29 17:48:04
11232,65.37,1664466785,2022-09-29 17:53:05
11246,65.34,1664467086,2022-09-29 17:58:06
11259,65.43,1664467387,2022-09-29 18:03:07
11272,65.0,1664467688,2022-09-29 18:08:08
11286,65.23,1664467989,2022-09-29 18:13:09
11300,64.69,1664468290,2022-09-29 18:18:10
11314,64.51,1664468591,2022-09-29 18:23:11
11328,64.48,1664468892,2022-09-29 18:28:12
11342,64.30,1664469193,2022-09-29 18:33:13
11354,64.33,1664469495,2022-09-29 18:38:15
11368,64.26,1664469796,2022-09-29 18:43:16
11382,64.23,1664470097,2022-09-29 18:48:17
11396,64.37,1664470398,2022-09-29 18:53:18
11410,64.19,1664470699,2022-09-29 18:58:19
11424,64.61,1664471001,2022-09-29 19:03:21
11438,64.16,1664471302,2022-09-29 19:08:22
11450,64.30,1664471603,2022-09-29 19:13:23
11464,64.30,1664471904,2022-09-29 19:18:24
11478,64.19,1664472206,2022-09-29 19:23:26
11492,64.18,1664472507,2022-09-29 19:28:27
11506,64.26,1664472808,2022-09-29 19:33:28
11520,64.36,1664473109,2022-09-29 19:38:29
11533,64.33,1664473411,2022-09-29 19:43:31
11547,64.31,1664473712,2022-09-29 19:48:32
11561,64.41,1664474014,2022-09-29 19:53:34
11574,64.37,1664474316,2022-09-29 19:58:36
11588,64.43,1664474618,2022-09-29 20:03:38
11602,64.30,1664474920,2022-09-29 20:08:40
11616,64.19,1664475222,2022-09-29 20:13:42
11630,64.16,1664475524,2022-09-29 20:18:44
11643,64.33,1664475825,2022-09-29 20:23:45
11656,64.34,1664476126,2022-09-29 20:28:46
11670,64.25,1664476432,2022-09-29 20:33:52
11684,64.0,1664476734,2022-09-29 20:38:54
11698,64.22,1664477036,2022-09-29 20:43:56
11712,64.20,1664477340,2022-09-29 20:49:00
11726,64.11,1664477642,2022-09-29 20:54:02
11739,64.2,1664477944,2022-09-29 20:59:04
11752,64.22,1664478246,2022-09-29 21:04:06
11766,64.22,1664478548,2022-09-29 21:09:08
11780,64.29,1664478850,2022-09-29 21:14:10
11794,64.37,1664479151,2022-09-29 21:19:11
11808,64.23,1664479452,2022-09-29 21:24:12
11822,64.33,1664479754,2022-09-29 21:29:14
11835,64.15,1664480055,2022-09-29 21:34:15
11849,64.6,1664480356,2022-09-29 21:39:16
11862,64.2,1664480658,2022-09-29 21:44:18
11876,64.41,1664480959,2022-09-29 21:49:19
11890,64.26,1664481261,2022-09-29 21:54:21
11904,64.33,1664481562,2022-09-29 21:59:22
11918,64.59,1664481863,2022-09-29 22:04:23
11931,64.44,1664482164,2022-09-29 22:09:24
11944,64.47,1664482465,2022-09-29 22:14:25
11958,64.36,1664482767,2022-09-29 22:19:27
11972,64.55,1664483068,2022-09-29 22:24:28
11986,64.56,1664483370,2022-09-29 22:29:30
11999,64.8,1664483671,2022-09-29 22:34:31
12012,64.23,1664483972,2022-09-29 22:39:32
12026,64.5,1664484273,2022-09-29 22:44:33
12040,64.41,1664484575,2022-09-29 22:49:35
12054,64.25,1664484877,2022-09-29 22:54:37
12067,64.33,1664485178,2022-09-29 22:59:38
12081,64.61,1664485479,2022-09-29 23:04:39
12095,64.45,1664485781,2022-09-29 23:09:41
12108,64.55,1664486083,2022-09-29 23:14:43
12122,64.16,1664486384,2022-09-29 23:19:44
12136,64.1,1664486685,2022-09-29 23:24:45
12149,63.90,1664486986,2022-09-29 23:29:46
12163,64.8,1664487288,2022-09-29 23:34:48
12176,64.47,1664487590,2022-09-29 23:39:50
12190,64.31,1664487891,2022-09-29 23:44:51
12204,64.1,1664488192,2022-09-29 23:49:52
12217,63.95,1664488493,2022-09-29 23:54:53
12231,64.19,1664488794,2022-09-29 23:59:54
12245,64.11,1664489096,2022-09-30 00:04:56
12258,64.1,1664489397,2022-09-30 00:09:57
12272,64.8,1664489698,2022-09-30 00:14:58
12286,64.26,1664490000,2022-09-30 00:20:00
12299,63.90,1664490302,2022-09-30 00:25:02
12313,64.26,1664490603,2022-09-30 00:30:03
12327,63.97,1664490905,2022-09-30 00:35:05
12340,63.77,1664491206,2022-09-30 00:40:06
12354,63.91,1664491507,2022-09-30 00:45:07
12368,64.5,1664491809,2022-09-30 00:50:09
12382,64.23,1664492111,2022-09-30 00:55:11
12395,63.81,1664492412,2022-09-30 01:00:12
12409,63.93,1664492713,2022-09-30 01:05:13
12423,63.88,1664493014,2022-09-30 01:10:14
12436,64.12,1664493315,2022-09-30 01:15:15
12450,63.59,1664493616,2022-09-30 01:20:16
12464,64.9,1664493917,2022-09-30 01:25:17
12478,64.0,1664494219,2022-09-30 01:30:19
12492,63.81,1664494521,2022-09-30 01:35:21
12505,63.72,1664494823,2022-09-30 01:40:23
12518,63.91,1664495125,2022-09-30 01:45:25
12532,63.90,1664495427,2022-09-30 01:50:27
12546,64.30,1664495728,2022-09-30 01:55:28
12560,64.5,1664496029,2022-09-30 02:00:29
12574,63.86,1664496330,2022-09-30 02:05:30
12588,63.79,1664496631,2022-09-30 02:10:31
12601,63.72,1664496933,2022-09-30 02:15:33
12614,63.93,1664497235,2022-09-30 02:20:35
12628,64.5,1664497536,2022-09-30 02:25:36
12642,63.88,1664497837,2022-09-30 02:30:37
12656,63.88,1664498138,2022-09-30 02:35:38
12670,63.84,1664498439,2022-09-30 02:40:39
12684,63.77,1664498741,2022-09-30 02:45:41
12697,64.1,1664499042,2022-09-30 02:50:42
12710,64.29,1664499343,2022-09-30 02:55:43
12724,64.51,1664499644,2022-09-30 03:00:44
12738,64.48,1664499945,2022-09-30 03:05:45
12752,64.19,1664500247,2022-09-30 03:10:47
12765,63.88,1664500549,2022-09-30 03:15:49
12779,64.51,1664500851,2022-09-30 03:20:51
12792,64.58,1664501152,2022-09-30 03:25:52
12806,64.58,1664501453,2022-09-30 03:30:53
12820,64.2,1664501754,2022-09-30 03:35:54
12834,63.81,1664502056,2022-09-30 03:40:56
12847,63.77,1664502357,2022-09-30 03:45:57
12860,63.90,1664502659,2022-09-30 03:50:59
12874,64.22,1664502960,2022-09-30 03:56:00
12888,63.90,1664503261,2022-09-30 04:01:01
12902,63.90,1664503562,2022-09-30 04:06:02
12916,63.90,1664503864,2022-09-30 04:11:04
12929,64.11,1664504165,2022-09-30 04:16:05
12942,63.90,1664504467,2022-09-30 04:21:07
12956,63.95,1664504768,2022-09-30 04:26:08
12970,64.1,1664505069,2022-09-30 04:31:09
12984,64.12,1664505371,2022-09-30 04:36:11
12998,64.5,1664505672,2022-09-30 04:41:12
13011,64.0,1664505973,2022-09-30 04:46:13
13024,64.0,1664506275,2022-09-30 04:51:15
13038,64.11,1664506576,2022-09-30 04:56:16
13052,64.38,1664506878,2022-09-30 05:01:18
13066,64.6,1664507180,2022-09-30 05:06:20
13079,64.8,1664507482,2022-09-30 05:11:22
13093,64.30,1664507783,2022-09-30 05:16:23
13106,64.48,1664508085,2022-09-30 05:21:25
13120,64.22,1664508386,2022-09-30 05:26:26
13134,64.12,1664508688,2022-09-30 05:31:28
13148,64.23,1664508990,2022-09-30 05:36:30
13161,64.9,1664509291,2022-09-30 05:41:31
13175,64.19,1664509592,2022-09-30 05:46:32
13188,64.55,1664509893,2022-09-30 05:51:33
13202,64.75,1664510194,2022-09-30 05:56:34
13216,65.30,1664510496,2022-09-30 06:01:36
13230,64.72,1664510798,2022-09-30 06:06:38
13243,64.98,1664511100,2022-09-30 06:11:40
13256,65.11,1664511402,2022-09-30 06:16:42
13270,65.16,1664511703,2022-09-30 06:21:43
13284,65.15,1664512005,2022-09-30 06:26:45
13298,64.41,1664512307,2022-09-30 06:31:47
13312,64.59,1664512608,2022-09-30 06:36:48
13325,64.55,1664512910,2022-09-30 06:41:50
13338,64.41,1664513212,2022-09-30 06:46:52
13352,65.16,1664513513,2022-09-30 06:51:53
13366,65.13,1664513815,2022-09-30 06:56:55
13380,64.66,1664514116,2022-09-30 07:01:56
13394,65.9,1664514417,2022-09-30 07:06:57
13407,65.15,1664514718,2022-09-30 07:11:58
13420,65.11,1664515019,2022-09-30 07:16:59
13434,64.72,1664515321,2022-09-30 07:22:01
13448,64.58,1664515622,2022-09-30 07:27:02
13462,64.55,1664515923,2022-09-30 07:32:03
13476,64.51,1664516224,2022-09-30 07:37:04
13489,64.44,1664516525,2022-09-30 07:42:05
13502,64.65,1664516826,2022-09-30 07:47:06
13516,64.66,1664517127,2022-09-30 07:52:07
13530,65.26,1664517429,2022-09-30 07:57:09
13544,65.33,1664517730,2022-09-30 08:02:10
13558,65.41,1664518032,2022-09-30 08:07:12
13570,65.44,1664518334,2022-09-30 08:12:14
13584,66.20,1664518635,2022-09-30 08:17:15
13598,65.94,1664518936,2022-09-30 08:22:16
13612,65.83,1664519238,2022-09-30 08:27:18
13626,66.91,1664519540,2022-09-30 08:32:20
13640,67.38,1664519842,2022-09-30 08:37:22
13652,66.27,1664520143,2022-09-30 08:42:23
13666,65.76,1664520444,2022-09-30 08:47:24
13680,65.52,1664520745,2022-09-30 08:52:25
13694,65.51,1664521047,2022-09-30 08:57:27
13708,65.58,1664521348,2022-09-30 09:02:28
13722,65.83,1664521649,2022-09-30 09:07:29
13734,66.45,1664521951,2022-09-30 09:12:31
13748,65.81,1664522252,2022-09-30 09:17:32
13762,66.15,1664522553,2022-09-30 09:22:33
13776,65.79,1664522855,2022-09-30 09:27:35
13790,65.72,1664523156,2022-09-30 09:32:36
13804,66.19,1664523457,2022-09-30 09:37:37
13817,66.19,1664523759,2022-09-30 09:42:39
13830,66.66,1664524060,2022-09-30 09:47:40
13833,66.48,1664524361,2022-09-30 09:52:41
13835,66.72,1664524662,2022-09-30 09:57:42
13837,66.52,1664524965,2022-09-30 10:02:45
13839,66.62,1664525267,2022-09-30 10:07:47
13841,66.56,1664525569,2022-09-30 10:12:49
13843,66.73,1664525871,2022-09-30 10:17:51
13845,66.69,1664526173,2022-09-30 10:22:53
13847,66.5,1664526475,2022-09-30 10:27:55
13849,66.19,1664526777,2022-09-30 10:32:57
13851,65.87,1664527079,2022-09-30 10:37:59
13853,66.9,1664527381,2022-09-30 10:43:01
13855,65.86,1664527682,2022-09-30 10:48:02
13857,66.12,1664527983,2022-09-30 10:53:03
13859,65.97,1664528284,2022-09-30 10:58:04
13861,66.1,1664528585,2022-09-30 11:03:05
13863,65.98,1664528887,2022-09-30 11:08:07
13865,66.8,1664529188,2022-09-30 11:13:08
13867,66.31,1664529490,2022-09-30 11:18:10
13869,66.13,1664529791,2022-09-30 11:23:11
13871,65.94,1664530093,2022-09-30 11:28:13
13873,66.2,1664530395,2022-09-30 11:33:15
13875,66.33,1664530697,2022-09-30 11:38:17
13877,66.18,1664530998,2022-09-30 11:43:18
13879,66.34,1664531300,2022-09-30 11:48:20
13881,66.18,1664531601,2022-09-30 11:53:21
13883,66.31,1664531903,2022-09-30 11:58:23
13885,66.54,1664532204,2022-09-30 12:03:24
13887,66.76,1664532505,2022-09-30 12:08:25
13889,66.66,1664532806,2022-09-30 12:13:26
13891,66.73,1664533108,2022-09-30 12:18:28
13893,66.76,1664533409,2022-09-30 12:23:29
13895,66.87,1664533711,2022-09-30 12:28:31
13897,66.91,1664534012,2022-09-30 12:33:32
13899,66.94,1664534313,2022-09-30 12:38:33
13901,66.76,1664534615,2022-09-30 12:43:35
13903,66.93,1664534917,2022-09-30 12:48:37
13905,66.91,1664535219,2022-09-30 12:53:39
13907,66.91,1664535520,2022-09-30 12:58:40
13909,67.0,1664535821,2022-09-30 13:03:41
13911,66.93,1664536123,2022-09-30 13:08:43
13913,67.12,1664536425,2022-09-30 13:13:45
13915,67.11,1664536727,2022-09-30 13:18:47
13917,67.13,1664537029,2022-09-30 13:23:49
13919,67.2,1664537331,2022-09-30 13:28:51
13921,67.20,1664537633,2022-09-30 13:33:53
13923,67.30,1664537935,2022-09-30 13:38:55
13925,67.26,1664538236,2022-09-30 13:43:56
13927,67.38,1664538537,2022-09-30 13:48:57
13929,67.62,1664538838,2022-09-30 13:53:58
13931,67.76,1664539140,2022-09-30 13:59:00
13933,67.69,1664539441,2022-09-30 14:04:01
13935,67.86,1664539742,2022-09-30 14:09:02
13937,67.94,1664540043,2022-09-30 14:14:03
13939,68.8,1664540344,2022-09-30 14:19:04
13941,68.0,1664540646,2022-09-30 14:24:06
13943,68.2,1664540947,2022-09-30 14:29:07
13945,67.93,1664541248,2022-09-30 14:34:08
13947,68.4,1664541550,2022-09-30 14:39:10
13949,67.95,1664541852,2022-09-30 14:44:12
13951,68.8,1664542153,2022-09-30 14:49:13
13953,68.0,1664542454,2022-09-30 14:54:14
13955,67.76,1664542756,2022-09-30 14:59:16
13957,67.87,1664543057,2022-09-30 15:04:17
13959,68.69,1664543358,2022-09-30 15:09:18
13961,67.83,1664543660,2022-09-30 15:14:20
13963,67.93,1664543962,2022-09-30 15:19:22
13965,67.91,1664544263,2022-09-30 15:24:23
13967,67.93,1664544564,2022-09-30 15:29:24
13969,67.93,1664544865,2022-09-30 15:34:25
13971,68.5,1664545167,2022-09-30 15:39:27
13973,67.98,1664545469,2022-09-30 15:44:29
13975,67.98,1664545770,2022-09-30 15:49:30
13977,67.94,1664546071,2022-09-30 15:54:31
13979,68.0,1664546373,2022-09-30 15:59:33
13981,67.94,1664546675,2022-09-30 16:04:35
13983,67.84,1664546977,2022-09-30 16:09:37
13985,67.66,1664547279,2022-09-30 16:14:39
13987,67.70,1664547580,2022-09-30 16:19:40
13989,67.68,1664547881,2022-09-30 16:24:41
13991,67.62,1664548182,2022-09-30 16:29:42
13993,67.63,1664548483,2022-09-30 16:34:43
13995,67.62,1664548785,2022-09-30 16:39:45
13997,67.51,1664549087,2022-09-30 16:44:47
13999,67.43,1664549389,2022-09-30 16:49:49
14001,67.36,1664549690,2022-09-30 16:54:50
14003,67.33,1664549991,2022-09-30 16:59:51
14005,67.25,1664550292,2022-09-30 17:04:52
14007,67.16,1664550593,2022-09-30 17:09:53
14009,67.26,1664550894,2022-09-30 17:14:54
14011,67.16,1664551195,2022-09-30 17:19:55
14013,67.5,1664551496,2022-09-30 17:24:56
14015,66.94,1664551797,2022-09-30 17:29:57
14017,66.93,1664552098,2022-09-30 17:34:58
14019,66.86,1664552400,2022-09-30 17:40:00
14021,66.84,1664552702,2022-09-30 17:45:02
14023,66.76,1664553004,2022-09-30 17:50:04
14025,66.65,1664553306,2022-09-30 17:55:06
14027,66.69,1664553608,2022-09-30 18:00:08
14029,66.61,1664553910,2022-09-30 18:05:10
14031,66.65,1664554212,2022-09-30 18:10:12
14033,66.59,1664554513,2022-09-30 18:15:13
14035,66.59,1664554814,2022-09-30 18:20:14
14037,66.51,1664555115,2022-09-30 18:25:15
14039,66.62,1664555416,2022-09-30 18:30:16
14041,66.48,1664555718,2022-09-30 18:35:18
14043,66.48,1664556020,2022-09-30 18:40:20
14045,66.48,1664556322,2022-09-30 18:45:22
14047,66.56,1664556624,2022-09-30 18:50:24
14049,66.41,1664556925,2022-09-30 18:55:25
14051,66.51,1664557226,2022-09-30 19:00:26
14053,66.55,1664557528,2022-09-30 19:05:28
14055,66.44,1664557829,2022-09-30 19:10:29
14057,66.48,1664558130,2022-09-30 19:15:30
14059,66.41,1664558431,2022-09-30 19:20:31
14061,66.59,1664558732,2022-09-30 19:25:32
14063,66.51,1664559033,2022-09-30 19:30:33
14065,66.37,1664559334,2022-09-30 19:35:34
14067,66.30,1664559636,2022-09-30 19:40:36
14069,66.31,1664559937,2022-09-30 19:45:37
14072,66.36,1664560238,2022-09-30 19:50:38
14074,66.37,1664560539,2022-09-30 19:55:39
14076,66.33,1664560841,2022-09-30 20:00:41
14078,66.40,1664561142,2022-09-30 20:05:42
14080,66.36,1664561444,2022-09-30 20:10:44
14082,66.31,1664561745,2022-09-30 20:15:45
14084,66.41,1664562046,2022-09-30 20:20:46
14086,66.33,1664562347,2022-09-30 20:25:47
14088,66.33,1664562649,2022-09-30 20:30:49
14090,66.22,1664562951,2022-09-30 20:35:51
14092,66.20,1664563252,2022-09-30 20:40:52
14094,66.8,1664563554,2022-09-30 20:45:54
14096,66.23,1664563856,2022-09-30 20:50:56
14098,66.37,1664564157,2022-09-30 20:55:57
14100,66.30,1664564459,2022-09-30 21:00:59
14102,65.98,1664564761,2022-09-30 21:06:01
14104,66.13,1664565063,2022-09-30 21:11:03
14106,66.16,1664565364,2022-09-30 21:16:04
14108,66.16,1664565665,2022-09-30 21:21:05
14110,66.0,1664565966,2022-09-30 21:26:06
14112,66.41,1664566267,2022-09-30 21:31:07
14114,66.23,1664566569,2022-09-30 21:36:09
14116,66.13,1664566871,2022-09-30 21:41:11
14118,66.23,1664567172,2022-09-30 21:46:12
14120,66.33,1664567474,2022-09-30 21:51:14
14122,66.12,1664567775,2022-09-30 21:56:15
14124,65.98,1664568077,2022-09-30 22:01:17
14126,65.79,1664568379,2022-09-30 22:06:19
14128,66.5,1664568681,2022-09-30 22:11:21
14130,65.91,1664568983,2022-09-30 22:16:23
14132,66.5,1664569285,2022-09-30 22:21:25
14134,66.18,1664569587,2022-09-30 22:26:27
14136,66.27,1664569889,2022-09-30 22:31:29
14138,66.16,1664570190,2022-09-30 22:36:30
14140,65.87,1664570492,2022-09-30 22:41:32
14142,65.83,1664570793,2022-09-30 22:46:33
14144,66.1,1664571095,2022-09-30 22:51:35
14146,66.16,1664571396,2022-09-30 22:56:36
14148,66.25,1664571697,2022-09-30 23:01:37
14150,66.23,1664571998,2022-09-30 23:06:38
14152,66.19,1664572299,2022-09-30 23:11:39
14154,66.23,1664572600,2022-09-30 23:16:40
14156,66.25,1664572901,2022-09-30 23:21:41
14158,66.26,1664573202,2022-09-30 23:26:42
14160,66.33,1664573503,2022-09-30 23:31:43
14162,66.33,1664573804,2022-09-30 23:36:44
14164,66.40,1664574105,2022-09-30 23:41:45
14166,66.48,1664574407,2022-09-30 23:46:47
14168,66.29,1664574708,2022-09-30 23:51:48
14170,66.43,1664575010,2022-09-30 23:56:50
14172,66.55,1664575311,2022-10-01 00:01:51
14174,66.51,1664575612,2022-10-01 00:06:52
14176,66.55,1664575914,2022-10-01 00:11:54
14178,66.52,1664576216,2022-10-01 00:16:56
14180,66.44,1664576518,2022-10-01 00:21:58
14182,66.55,1664576820,2022-10-01 00:27:00
14184,66.47,1664577122,2022-10-01 00:32:02
14186,66.44,1664577423,2022-10-01 00:37:03
14188,66.40,1664577724,2022-10-01 00:42:04
14190,66.55,1664578025,2022-10-01 00:47:05
14192,66.51,1664578326,2022-10-01 00:52:06
14194,66.58,1664578627,2022-10-01 00:57:07
14196,66.73,1664578928,2022-10-01 01:02:08
14198,66.65,1664579229,2022-10-01 01:07:09
14200,66.80,1664579530,2022-10-01 01:12:10
14202,66.88,1664579831,2022-10-01 01:17:11
14204,66.98,1664580133,2022-10-01 01:22:13
14206,66.98,1664580434,2022-10-01 01:27:14
14208,66.94,1664580736,2022-10-01 01:32:16
14210,66.98,1664581038,2022-10-01 01:37:18
14212,67.4,1664581339,2022-10-01 01:42:19
14214,67.9,1664581640,2022-10-01 01:47:20
14216,67.11,1664581941,2022-10-01 01:52:21
14218,66.98,1664582243,2022-10-01 01:57:23
14220,67.1,1664582545,2022-10-01 02:02:25
14222,67.8,1664582846,2022-10-01 02:07:26
14224,66.97,1664583147,2022-10-01 02:12:27
14226,66.83,1664583448,2022-10-01 02:17:28
14228,66.79,1664583750,2022-10-01 02:22:30
14230,66.83,1664584051,2022-10-01 02:27:31
14232,66.76,1664584352,2022-10-01 02:32:32
14234,66.79,1664584653,2022-10-01 02:37:33
14236,66.90,1664584954,2022-10-01 02:42:34
14238,66.83,1664585255,2022-10-01 02:47:35
14240,66.88,1664585556,2022-10-01 02:52:36
14242,66.73,1664585857,2022-10-01 02:57:37
14244,66.73,1664586159,2022-10-01 03:02:39
14246,66.69,1664586462,2022-10-01 03:07:42
14248,66.58,1664586763,2022-10-01 03:12:43
14250,66.65,1664587064,2022-10-01 03:17:44
14252,66.68,1664587366,2022-10-01 03:22:46
14254,66.73,1664587668,2022-10-01 03:27:48
14256,66.61,1664587969,2022-10-01 03:32:49
14258,66.70,1664588271,2022-10-01 03:37:51
14260,66.58,1664588572,2022-10-01 03:42:52
14262,66.62,1664588873,2022-10-01 03:47:53
14264,66.61,1664589175,2022-10-01 03:52:55
14266,66.62,1664589476,2022-10-01 03:57:56
14268,66.75,1664589777,2022-10-01 04:02:57
14270,66.66,1664590078,2022-10-01 04:07:58
14272,66.58,1664590379,2022-10-01 04:12:59
14274,66.72,1664590680,2022-10-01 04:18:00
14276,66.66,1664590982,2022-10-01 04:23:02
14278,66.68,1664591283,2022-10-01 04:28:03
14280,66.68,1664591584,2022-10-01 04:33:04
14282,66.75,1664591885,2022-10-01 04:38:05
14284,66.83,1664592186,2022-10-01 04:43:06
14286,66.90,1664592487,2022-10-01 04:48:07
14288,66.95,1664592788,2022-10-01 04:53:08
14290,66.83,1664593089,2022-10-01 04:58:09
14292,66.98,1664593391,2022-10-01 05:03:11
14294,67.6,1664593693,2022-10-01 05:08:13
14296,66.98,1664593994,2022-10-01 05:13:14
14298,66.91,1664594296,2022-10-01 05:18:16
14300,66.91,1664594598,2022-10-01 05:23:18
14302,67.1,1664594900,2022-10-01 05:28:20
14304,67.0,1664595202,2022-10-01 05:33:22
14306,67.11,1664595503,2022-10-01 05:38:23
14308,66.80,1664595805,2022-10-01 05:43:25
14310,67.0,1664596106,2022-10-01 05:48:26
14312,67.5,1664596407,2022-10-01 05:53:27
14314,67.22,1664596709,2022-10-01 05:58:29
14316,67.19,1664597010,2022-10-01 06:03:30
14318,67.16,1664597312,2022-10-01 06:08:32
14320,67.29,1664597613,2022-10-01 06:13:33
14322,67.12,1664597914,2022-10-01 06:18:34
14324,67.12,1664598215,2022-10-01 06:23:35
14326,67.11,1664598517,2022-10-01 06:28:37
14328,67.30,1664598819,2022-10-01 06:33:39
14330,67.6,1664599120,2022-10-01 06:38:40
14332,67.30,1664599421,2022-10-01 06:43:41
14334,67.37,1664599723,2022-10-01 06:48:43
14336,67.51,1664600024,2022-10-01 06:53:44
14338,67.29,1664600325,2022-10-01 06:58:45
14340,66.94,1664600627,2022-10-01 07:03:47
14342,67.2,1664600929,2022-10-01 07:08:49
14344,67.15,1664601230,2022-10-01 07:13:50
14345,67.26,1664601531,2022-10-01 07:18:51
14347,67.26,1664601832,2022-10-01 07:23:52
14349,67.31,1664602134,2022-10-01 07:28:54
14351,67.47,1664602436,2022-10-01 07:33:56
14353,67.41,1664602738,2022-10-01 07:38:58
14355,67.47,1664603040,2022-10-01 07:44:00
14358,67.8,1664603342,2022-10-01 07:49:02
14360,67.20,1664603644,2022-10-01 07:54:04
14362,67.5,1664603945,2022-10-01 07:59:05
14363,67.37,1664604246,2022-10-01 08:04:06
14365,67.18,1664604547,2022-10-01 08:09:07
14367,67.36,1664604848,2022-10-01 08:14:08
14369,67.44,1664605149,2022-10-01 08:19:09
14372,67.41,1664605451,2022-10-01 08:24:11
14374,67.37,1664605753,2022-10-01 08:29:13
14376,67.48,1664606055,2022-10-01 08:34:15
14378,67.66,1664606357,2022-10-01 08:39:17
14380,67.61,1664606658,2022-10-01 08:44:18
14382,67.66,1664606960,2022-10-01 08:49:20
14384,67.47,1664607262,2022-10-01 08:54:22
14386,67.19,1664607564,2022-10-01 08:59:24
14388,67.41,1664607866,2022-10-01 09:04:26
14390,67.47,1664608167,2022-10-01 09:09:27
14392,67.72,1664608469,2022-10-01 09:14:29
14394,67.55,1664608771,2022-10-01 09:19:31
14396,67.58,1664609073,2022-10-01 09:24:33
14398,67.58,1664609374,2022-10-01 09:29:34
14400,67.52,1664609676,2022-10-01 09:34:36
14402,67.55,1664609977,2022-10-01 09:39:37
14404,67.72,1664610279,2022-10-01 09:44:39
14406,67.70,1664610581,2022-10-01 09:49:41
14408,67.69,1664610883,2022-10-01 09:54:43
14410,67.62,1664611184,2022-10-01 09:59:44
14412,67.76,1664611485,2022-10-01 10:04:45
14414,67.70,1664611786,2022-10-01 10:09:46
14416,67.69,1664612088,2022-10-01 10:14:48
14418,67.73,1664612390,2022-10-01 10:19:50
14420,67.87,1664612691,2022-10-01 10:24:51
14422,67.23,1664612992,2022-10-01 10:29:52
14424,67.48,1664613294,2022-10-01 10:34:54
14426,67.55,1664613596,2022-10-01 10:39:56
14428,67.63,1664613897,2022-10-01 10:44:57
14430,67.77,1664614198,2022-10-01 10:49:58
14432,67.91,1664614500,2022-10-01 10:55:00
14434,67.94,1664614802,2022-10-01 11:00:02
14436,67.91,1664615104,2022-10-01 11:05:04
14438,67.97,1664615406,2022-10-01 11:10:06
14440,67.91,1664615708,2022-10-01 11:15:08
14442,67.84,1664616010,2022-10-01 11:20:10
14444,67.97,1664616312,2022-10-01 11:25:12
14446,67.83,1664616613,2022-10-01 11:30:13
14448,67.84,1664616915,2022-10-01 11:35:15
14450,67.91,1664617216,2022-10-01 11:40:16
14452,67.83,1664617518,2022-10-01 11:45:18
14454,68.8,1664617820,2022-10-01 11:50:20
14456,67.70,1664618122,2022-10-01 11:55:22
14458,67.88,1664618423,2022-10-01 12:00:23
14460,67.87,1664618725,2022-10-01 12:05:25
14462,67.75,1664619027,2022-10-01 12:10:27
14464,67.81,1664619328,2022-10-01 12:15:28
14466,67.80,1664619629,2022-10-01 12:20:29
14468,67.80,1664619931,2022-10-01 12:25:31
14470,67.72,1664620232,2022-10-01 12:30:32
14472,67.75,1664620533,2022-10-01 12:35:33
14474,67.75,1664620835,2022-10-01 12:40:35
14476,67.63,1664621136,2022-10-01 12:45:36
14478,67.80,1664621437,2022-10-01 12:50:37
14480,67.76,1664621739,2022-10-01 12:55:39
14482,67.80,1664622041,2022-10-01 13:00:41
14484,67.83,1664622342,2022-10-01 13:05:42
14486,67.87,1664622643,2022-10-01 13:10:43
14488,67.93,1664622944,2022-10-01 13:15:44
14490,68.1,1664623246,2022-10-01 13:20:46
14492,67.97,1664623548,2022-10-01 13:25:48
14494,68.4,1664623850,2022-10-01 13:30:50
14496,68.1,1664624152,2022-10-01 13:35:52
14498,68.13,1664624454,2022-10-01 13:40:54
14500,68.13,1664624755,2022-10-01 13:45:55
14502,68.12,1664625056,2022-10-01 13:50:56
14504,68.12,1664625358,2022-10-01 13:55:58
14506,68.15,1664625659,2022-10-01 14:00:59
14508,68.23,1664625960,2022-10-01 14:06:00
14510,68.13,1664626262,2022-10-01 14:11:02
14512,68.36,1664626563,2022-10-01 14:16:03
14514,67.98,1664626864,2022-10-01 14:21:04
14516,68.23,1664627166,2022-10-01 14:26:06
14518,67.97,1664627468,2022-10-01 14:31:08
14520,68.33,1664627769,2022-10-01 14:36:09
14522,68.76,1664628070,2022-10-01 14:41:10
14524,68.48,1664628371,2022-10-01 14:46:11
14526,68.22,1664628672,2022-10-01 14:51:12
14528,68.5,1664628973,2022-10-01 14:56:13
14530,68.25,1664629274,2022-10-01 15:01:14
14532,67.84,1664629575,2022-10-01 15:06:15
14534,67.91,1664629876,2022-10-01 15:11:16
14536,68.2,1664630178,2022-10-01 15:16:18
14538,68.12,1664630479,2022-10-01 15:21:19
14540,68.18,1664630781,2022-10-01 15:26:21
14542,68.1,1664631082,2022-10-01 15:31:22
14544,67.97,1664631383,2022-10-01 15:36:23
14546,68.22,1664631684,2022-10-01 15:41:24
14548,68.6,1664631985,2022-10-01 15:46:25
14549,68.18,1664632286,2022-10-01 15:51:26
14551,68.8,1664632587,2022-10-01 15:56:27
14553,68.11,1664632888,2022-10-01 16:01:28
14555,68.26,1664633189,2022-10-01 16:06:29
14557,68.30,1664633491,2022-10-01 16:11:31
14559,68.30,1664633792,2022-10-01 16:16:32
14561,68.34,1664634093,2022-10-01 16:21:33
14563,68.23,1664634394,2022-10-01 16:26:34
14565,68.16,1664634695,2022-10-01 16:31:35
14567,68.37,1664634996,2022-10-01 16:36:36
14569,68.34,1664635297,2022-10-01 16:41:37
14571,68.62,1664635598,2022-10-01 16:46:38
14573,68.59,1664635899,2022-10-01 16:51:39
14575,68.45,1664636200,2022-10-01 16:56:40
14577,68.51,1664636502,2022-10-01 17:01:42
14579,68.45,1664636803,2022-10-01 17:06:43
14581,68.41,1664637104,2022-10-01 17:11:44
14583,68.37,1664637406,2022-10-01 17:16:46
14585,68.34,1664637707,2022-10-01 17:21:47
14587,68.36,1664638009,2022-10-01 17:26:49
14589,68.23,1664638311,2022-10-01 17:31:51
14591,68.41,1664638613,2022-10-01 17:36:53
14593,68.33,1664638914,2022-10-01 17:41:54
14595,68.37,1664639216,2022-10-01 17:46:56
14597,68.33,1664639518,2022-10-01 17:51:58
14599,68.33,1664639820,2022-10-01 17:57:00
14601,68.51,1664640121,2022-10-01 18:02:01
14603,68.58,1664640422,2022-10-01 18:07:02
14605,68.44,1664640724,2022-10-01 18:12:04
14607,68.44,1664641025,2022-10-01 18:17:05
14609,68.27,1664641326,2022-10-01 18:22:06
14611,68.50,1664641627,2022-10-01 18:27:07
14613,68.43,1664641928,2022-10-01 18:32:08
14615,68.40,1664642230,2022-10-01 18:37:10
14617,68.52,1664642531,2022-10-01 18:42:11
14619,68.44,1664642833,2022-10-01 18:47:13
14621,68.62,1664643134,2022-10-01 18:52:14
14623,68.86,1664643436,2022-10-01 18:57:16
14625,68.83,1664643737,2022-10-01 19:02:17
14627,68.54,1664644038,2022-10-01 19:07:18
14629,68.45,1664644340,2022-10-01 19:12:20
14631,68.45,1664644641,2022-10-01 19:17:21
14633,68.48,1664644943,2022-10-01 19:22:23
14635,68.41,1664645244,2022-10-01 19:27:24
14637,68.41,1664645545,2022-10-01 19:32:25
14639,68.43,1664645847,2022-10-01 19:37:27
14641,68.63,1664646149,2022-10-01 19:42:29
14643,68.69,1664646450,2022-10-01 19:47:30
14645,68.59,1664646752,2022-10-01 19:52:32
14647,68.55,1664647054,2022-10-01 19:57:34
14649,68.61,1664647356,2022-10-01 20:02:36
14652,68.73,1664647658,2022-10-01 20:07:38
14653,68.69,1664647959,2022-10-01 20:12:39
14656,68.68,1664648262,2022-10-01 20:17:42
14658,68.61,1664648564,2022-10-01 20:22:44
14660,68.73,1664648865,2022-10-01 20:27:45
14662,68.61,1664649167,2022-10-01 20:32:47
14664,68.55,1664649468,2022-10-01 20:37:48
14666,68.79,1664649770,2022-10-01 20:42:50
14668,68.36,1664650071,2022-10-01 20:47:51
14670,68.41,1664650373,2022-10-01 20:52:53
14672,68.25,1664650675,2022-10-01 20:57:55
14674,68.26,1664650977,2022-10-01 21:02:57
14676,68.16,1664651279,2022-10-01 21:07:59
14678,68.11,1664651581,2022-10-01 21:13:01
14680,67.88,1664651882,2022-10-01 21:18:02
14682,67.95,1664652183,2022-10-01 21:23:03
14684,67.86,1664652485,2022-10-01 21:28:05
14686,68.4,1664652786,2022-10-01 21:33:06
14688,67.98,1664653088,2022-10-01 21:38:08
14690,67.91,1664653389,2022-10-01 21:43:09
14692,67.94,1664653690,2022-10-01 21:48:10
14694,67.80,1664653992,2022-10-01 21:53:12
14696,67.77,1664654293,2022-10-01 21:58:13
14698,68.8,1664654594,2022-10-01 22:03:14
14700,68.0,1664654895,2022-10-01 22:08:15
14702,67.95,1664655196,2022-10-01 22:13:16
14704,67.83,1664655497,2022-10-01 22:18:17
14706,67.44,1664655798,2022-10-01 22:23:18
14708,67.66,1664656099,2022-10-01 22:28:19
14710,67.61,1664656401,2022-10-01 22:33:21
14712,67.48,1664656702,2022-10-01 22:38:22
14714,67.69,1664657003,2022-10-01 22:43:23
14716,67.62,1664657304,2022-10-01 22:48:24
14718,67.44,1664657606,2022-10-01 22:53:26
14720,67.27,1664657907,2022-10-01 22:58:27
14722,67.30,1664658209,2022-10-01 23:03:29
14724,67.19,1664658511,2022-10-01 23:08:31
14726,66.94,1664658813,2022-10-01 23:13:33
14728,67.16,1664659114,2022-10-01 23:18:34
14730,67.27,1664659415,2022-10-01 23:23:35
14732,67.36,1664659717,2022-10-01 23:28:37
14734,67.16,1664660019,2022-10-01 23:33:39
14736,67.22,1664660321,2022-10-01 23:38:41
14738,67.12,1664660622,2022-10-01 23:43:42
14740,67.11,1664660923,2022-10-01 23:48:43
14742,66.75,1664661225,2022-10-01 23:53:45
14744,67.16,1664661526,2022-10-01 23:58:46
14746,67.34,1664661827,2022-10-02 00:03:47
14748,67.23,1664662128,2022-10-02 00:08:48
14750,67.23,1664662429,2022-10-02 00:13:49
14752,67.23,1664662730,2022-10-02 00:18:50
14754,67.13,1664663031,2022-10-02 00:23:51
14756,67.6,1664663332,2022-10-02 00:28:52
14758,67.30,1664663633,2022-10-02 00:33:53
14760,67.47,1664663934,2022-10-02 00:38:54
14762,67.41,1664664236,2022-10-02 00:43:56
14764,67.36,1664664538,2022-10-02 00:48:58
14766,67.41,1664664839,2022-10-02 00:53:59
14768,66.95,1664665141,2022-10-02 00:59:01
14770,67.8,1664665443,2022-10-02 01:04:03
14772,67.16,1664665745,2022-10-02 01:09:05
14774,67.0,1664666046,2022-10-02 01:14:06
14776,67.12,1664666347,2022-10-02 01:19:07
14778,66.98,1664666648,2022-10-02 01:24:08
14780,66.88,1664666950,2022-10-02 01:29:10
14782,66.90,1664667252,2022-10-02 01:34:12
14784,67.1,1664667553,2022-10-02 01:39:13
14786,66.94,1664667855,2022-10-02 01:44:15
14788,66.73,1664668156,2022-10-02 01:49:16
14790,66.80,1664668457,2022-10-02 01:54:17
14792,66.55,1664668758,2022-10-02 01:59:18
14794,66.41,1664669060,2022-10-02 02:04:20
14796,66.55,1664669363,2022-10-02 02:09:23
14798,66.43,1664669664,2022-10-02 02:14:24
14800,66.50,1664669965,2022-10-02 02:19:25
14802,66.54,1664670267,2022-10-02 02:24:27
14804,66.70,1664670569,2022-10-02 02:29:29
14806,66.98,1664670871,2022-10-02 02:34:31
14808,66.51,1664671172,2022-10-02 02:39:32
14810,66.41,1664671473,2022-10-02 02:44:33
14812,66.37,1664671775,2022-10-02 02:49:35
14814,66.23,1664672076,2022-10-02 02:54:36
14816,66.25,1664672378,2022-10-02 02:59:38
14818,65.98,1664672679,2022-10-02 03:04:39
14820,66.11,1664672980,2022-10-02 03:09:40
14822,66.2,1664673281,2022-10-02 03:14:41
14824,66.20,1664673583,2022-10-02 03:19:43
14826,66.6,1664673885,2022-10-02 03:24:45
14828,66.16,1664674187,2022-10-02 03:29:47
14830,66.12,1664674488,2022-10-02 03:34:48
14832,65.87,1664674789,2022-10-02 03:39:49
14834,65.93,1664675090,2022-10-02 03:44:50
14836,65.58,1664675392,2022-10-02 03:49:52
14838,65.65,1664675694,2022-10-02 03:54:54
14840,65.87,1664675996,2022-10-02 03:59:56
14842,65.84,1664676298,2022-10-02 04:04:58
14844,65.95,1664676599,2022-10-02 04:09:59
14846,65.65,1664676900,2022-10-02 04:15:00
14848,66.20,1664677202,2022-10-02 04:20:02
14850,66.5,1664677504,2022-10-02 04:25:04
14852,66.8,1664677805,2022-10-02 04:30:05
14854,65.69,1664678107,2022-10-02 04:35:07
14856,65.80,1664678409,2022-10-02 04:40:09
14858,65.69,1664678711,2022-10-02 04:45:11
14860,65.73,1664679013,2022-10-02 04:50:13
14862,65.61,1664679314,2022-10-02 04:55:14
14864,65.87,1664679616,2022-10-02 05:00:16
14866,65.97,1664679917,2022-10-02 05:05:17
14868,65.98,1664680218,2022-10-02 05:10:18
14870,66.5,1664680520,2022-10-02 05:15:20
14872,65.90,1664680821,2022-10-02 05:20:21
14874,66.4,1664681122,2022-10-02 05:25:22
14876,66.1,1664681423,2022-10-02 05:30:23
14878,66.1,1664681724,2022-10-02 05:35:24
14880,66.2,1664682026,2022-10-02 05:40:26
14882,66.23,1664682328,2022-10-02 05:45:28
14884,66.19,1664682629,2022-10-02 05:50:29
14886,66.13,1664682930,2022-10-02 05:55:30
14888,65.90,1664683232,2022-10-02 06:00:32
14890,65.70,1664683534,2022-10-02 06:05:34
14892,65.62,1664683836,2022-10-02 06:10:36
14894,66.4,1664684138,2022-10-02 06:15:38
14896,65.90,1664684440,2022-10-02 06:20:40
14898,66.5,1664684741,2022-10-02 06:25:41
14900,65.83,1664685042,2022-10-02 06:30:42
14902,65.73,1664685343,2022-10-02 06:35:43
14904,66.16,1664685644,2022-10-02 06:40:44
14906,65.52,1664685945,2022-10-02 06:45:45
14908,65.94,1664686246,2022-10-02 06:50:46
14910,65.95,1664686548,2022-10-02 06:55:48
14912,66.6,1664686849,2022-10-02 07:00:49
14914,66.48,1664687150,2022-10-02 07:05:50
14916,66.48,1664687452,2022-10-02 07:10:52
14918,66.16,1664687753,2022-10-02 07:15:53
14920,65.91,1664688057,2022-10-02 07:20:57
14922,66.30,1664688359,2022-10-02 07:25:59
14924,66.48,1664688661,2022-10-02 07:31:01
14926,66.5,1664688962,2022-10-02 07:36:02
14928,65.84,1664689263,2022-10-02 07:41:03
14930,66.22,1664689565,2022-10-02 07:46:05
14932,66.12,1664689866,2022-10-02 07:51:06
14934,66.23,1664690168,2022-10-02 07:56:08
14936,66.37,1664690469,2022-10-02 08:01:09
14938,66.48,1664690770,2022-10-02 08:06:10
14940,66.73,1664691072,2022-10-02 08:11:12
14942,66.50,1664691374,2022-10-02 08:16:14
14944,66.62,1664691675,2022-10-02 08:21:15
14946,66.87,1664691977,2022-10-02 08:26:17
14948,67.1,1664692279,2022-10-02 08:31:19
14950,67.22,1664692581,2022-10-02 08:36:21
14952,67.4,1664692883,2022-10-02 08:41:23
14954,66.94,1664693184,2022-10-02 08:46:24
14956,66.83,1664693485,2022-10-02 08:51:25
14958,66.83,1664693786,2022-10-02 08:56:26
14960,66.73,1664694088,2022-10-02 09:01:28
14962,66.69,1664694389,2022-10-02 09:06:29
14964,67.2,1664694691,2022-10-02 09:11:31
14966,66.73,1664694993,2022-10-02 09:16:33
14968,67.48,1664695295,2022-10-02 09:21:35
14970,67.15,1664695597,2022-10-02 09:26:37
14972,67.41,1664695898,2022-10-02 09:31:38
14974,67.37,1664696199,2022-10-02 09:36:39
14976,67.44,1664696501,2022-10-02 09:41:41
14978,67.23,1664696803,2022-10-02 09:46:43
14980,67.16,1664697104,2022-10-02 09:51:44
14982,67.23,1664697406,2022-10-02 09:56:46
14983,67.19,1664697406,2022-10-02 09:56:46
14985,67.30,1664697707,2022-10-02 10:01:47
14987,67.27,1664698008,2022-10-02 10:06:48
14989,67.26,1664698310,2022-10-02 10:11:50
14991,67.26,1664698612,2022-10-02 10:16:52
14993,67.43,1664698914,2022-10-02 10:21:54
14995,67.44,1664699215,2022-10-02 10:26:55
14997,67.65,1664699516,2022-10-02 10:31:56
14999,67.50,1664699817,2022-10-02 10:36:57
15001,67.62,1664700118,2022-10-02 10:41:58
15003,67.50,1664700420,2022-10-02 10:47:00
15005,67.43,1664700721,2022-10-02 10:52:01
15007,67.40,1664701023,2022-10-02 10:57:03
15009,67.30,1664701325,2022-10-02 11:02:05
15011,67.15,1664701627,2022-10-02 11:07:07
15013,67.19,1664701929,2022-10-02 11:12:09
15015,67.19,1664702230,2022-10-02 11:17:10
15017,66.12,1664702531,2022-10-02 11:22:11
15019,66.52,1664702832,2022-10-02 11:27:12
15021,66.56,1664703133,2022-10-02 11:32:13
15023,65.48,1664703435,2022-10-02 11:37:15
15025,64.1,1664703737,2022-10-02 11:42:17
15027,59.31,1664704038,2022-10-02 11:47:18
15029,59.81,1664704340,2022-10-02 11:52:20
15031,60.99,1664704642,2022-10-02 11:57:22
15033,59.59,1664704944,2022-10-02 12:02:24
15035,60.18,1664705245,2022-10-02 12:07:25
15037,63.11,1664705547,2022-10-02 12:12:27
15039,64.20,1664705848,2022-10-02 12:17:28
15041,64.52,1664706149,2022-10-02 12:22:29
15043,64.70,1664706450,2022-10-02 12:27:30
15045,64.83,1664706752,2022-10-02 12:32:32
15047,64.81,1664707053,2022-10-02 12:37:33
15049,64.84,1664707354,2022-10-02 12:42:34
15051,64.76,1664707655,2022-10-02 12:47:35
15053,64.75,1664707957,2022-10-02 12:52:37
15055,64.56,1664708258,2022-10-02 12:57:38
15057,64.40,1664708560,2022-10-02 13:02:40
15059,64.61,1664708861,2022-10-02 13:07:41
15061,64.79,1664709162,2022-10-02 13:12:42
15063,64.51,1664709464,2022-10-02 13:17:44
15065,64.33,1664709766,2022-10-02 13:22:46
15067,64.62,1664710067,2022-10-02 13:27:47
15069,64.65,1664710368,2022-10-02 13:32:48
15071,64.59,1664710669,2022-10-02 13:37:49
15073,64.54,1664710970,2022-10-02 13:42:50
15075,64.72,1664711271,2022-10-02 13:47:51
15077,64.62,1664711572,2022-10-02 13:52:52
15079,64.61,1664711874,2022-10-02 13:57:54
15081,64.70,1664712175,2022-10-02 14:02:55
15083,64.66,1664712476,2022-10-02 14:07:56
15085,64.68,1664712778,2022-10-02 14:12:58
15087,64.77,1664713079,2022-10-02 14:17:59
15089,64.77,1664713381,2022-10-02 14:23:01
15091,64.80,1664713682,2022-10-02 14:28:02
15093,64.69,1664713983,2022-10-02 14:33:03
15095,64.80,1664714284,2022-10-02 14:38:04
15097,64.87,1664714585,2022-10-02 14:43:05
15099,64.73,1664714886,2022-10-02 14:48:06
15101,64.58,1664715188,2022-10-02 14:53:08
15103,64.40,1664715489,2022-10-02 14:58:09
15105,64.73,1664715790,2022-10-02 15:03:10
15107,64.58,1664716091,2022-10-02 15:08:11
15109,64.52,1664716392,2022-10-02 15:13:12
15111,64.19,1664716694,2022-10-02 15:18:14
15113,64.30,1664716996,2022-10-02 15:23:16
15115,64.25,1664717298,2022-10-02 15:28:18
15117,64.62,1664717600,2022-10-02 15:33:20
15119,64.54,1664717901,2022-10-02 15:38:21
15121,64.73,1664718202,2022-10-02 15:43:22
15123,64.27,1664718504,2022-10-02 15:48:24
15125,64.8,1664718805,2022-10-02 15:53:25
15127,63.90,1664719106,2022-10-02 15:58:26
15129,63.95,1664719408,2022-10-02 16:03:28
15131,63.88,1664719709,2022-10-02 16:08:29
15133,63.95,1664720010,2022-10-02 16:13:30
15135,64.9,1664720311,2022-10-02 16:18:31
15137,64.12,1664720613,2022-10-02 16:23:33
15139,63.61,1664720915,2022-10-02 16:28:35
15141,63.75,1664721217,2022-10-02 16:33:37
15143,63.40,1664721518,2022-10-02 16:38:38
15145,63.43,1664721820,2022-10-02 16:43:40
15147,63.43,1664722122,2022-10-02 16:48:42
15149,63.34,1664722424,2022-10-02 16:53:44
15151,63.25,1664722725,2022-10-02 16:58:45
15153,63.29,1664723028,2022-10-02 17:03:48
15155,63.31,1664723330,2022-10-02 17:08:50
15157,63.13,1664723632,2022-10-02 17:13:52
15159,63.20,1664723934,2022-10-02 17:18:54
15161,63.18,1664724235,2022-10-02 17:23:55
15163,63.4,1664724537,2022-10-02 17:28:57
15165,63.11,1664724839,2022-10-02 17:33:59
15167,63.6,1664725141,2022-10-02 17:39:01
15169,63.0,1664725443,2022-10-02 17:44:03
15171,63.2,1664725744,2022-10-02 17:49:04
15173,63.31,1664726045,2022-10-02 17:54:05
15175,63.18,1664726346,2022-10-02 17:59:06
15177,63.29,1664726648,2022-10-02 18:04:08
15179,63.34,1664726950,2022-10-02 18:09:10
15181,63.36,1664727252,2022-10-02 18:14:12
15183,63.45,1664727553,2022-10-02 18:19:13
15185,63.50,1664727854,2022-10-02 18:24:14
15187,63.54,1664728156,2022-10-02 18:29:16
15189,63.56,1664728457,2022-10-02 18:34:17
15191,63.52,1664728758,2022-10-02 18:39:18
15193,63.59,1664729060,2022-10-02 18:44:20
15195,63.61,1664729362,2022-10-02 18:49:22
15197,63.68,1664729663,2022-10-02 18:54:23
15199,63.65,1664729964,2022-10-02 18:59:24
15201,63.59,1664730265,2022-10-02 19:04:25
15203,63.58,1664730566,2022-10-02 19:09:26
15205,63.59,1664730868,2022-10-02 19:14:28
15207,63.83,1664731169,2022-10-02 19:19:29
15209,64.0,1664731470,2022-10-02 19:24:30
15211,63.91,1664731771,2022-10-02 19:29:31
15213,63.95,1664732072,2022-10-02 19:34:32
15215,63.84,1664732374,2022-10-02 19:39:34
15217,64.0,1664732675,2022-10-02 19:44:35
15219,63.95,1664732978,2022-10-02 19:49:38
15221,63.86,1664733280,2022-10-02 19:54:40
15223,64.12,1664733581,2022-10-02 19:59:41
15225,64.8,1664733883,2022-10-02 20:04:43
15227,64.16,1664734185,2022-10-02 20:09:45
15229,64.29,1664734486,2022-10-02 20:14:46
15231,64.13,1664734787,2022-10-02 20:19:47
15233,64.12,1664735089,2022-10-02 20:24:49
15235,64.0,1664735390,2022-10-02 20:29:50
15237,64.15,1664735691,2022-10-02 20:34:51
15239,64.18,1664735992,2022-10-02 20:39:52
15241,64.37,1664736294,2022-10-02 20:44:54
15243,64.41,1664736595,2022-10-02 20:49:55
15245,64.25,1664736896,2022-10-02 20:54:56
15247,64.26,1664737197,2022-10-02 20:59:57
15249,64.31,1664737499,2022-10-02 21:04:59
15251,64.23,1664737800,2022-10-02 21:10:00
15253,64.55,1664738101,2022-10-02 21:15:01
15255,64.63,1664738402,2022-10-02 21:20:02
15257,64.69,1664738703,2022-10-02 21:25:03
15259,64.51,1664739005,2022-10-02 21:30:05
15261,64.36,1664739306,2022-10-02 21:35:06
15263,64.40,1664739608,2022-10-02 21:40:08
15265,64.30,1664739909,2022-10-02 21:45:09
15267,64.41,1664740211,2022-10-02 21:50:11
15269,64.29,1664740512,2022-10-02 21:55:12
15271,64.19,1664740814,2022-10-02 22:00:14
15273,64.16,1664741115,2022-10-02 22:05:15
15275,64.18,1664741416,2022-10-02 22:10:16
15277,64.8,1664741718,2022-10-02 22:15:18
15279,64.16,1664742020,2022-10-02 22:20:20
15281,64.20,1664742321,2022-10-02 22:25:21
15283,64.2,1664742623,2022-10-02 22:30:23
15285,63.90,1664742924,2022-10-02 22:35:24
15287,63.84,1664743226,2022-10-02 22:40:26
15289,64.8,1664743528,2022-10-02 22:45:28
15291,64.16,1664743829,2022-10-02 22:50:29
15293,64.61,1664744131,2022-10-02 22:55:31
15295,64.75,1664744433,2022-10-02 23:00:33
15297,64.44,1664744735,2022-10-02 23:05:35
15299,64.6,1664745036,2022-10-02 23:10:36
15301,64.12,1664745337,2022-10-02 23:15:37
15303,64.29,1664745638,2022-10-02 23:20:38
15305,64.4,1664745939,2022-10-02 23:25:39
15307,63.81,1664746241,2022-10-02 23:30:41
15309,64.5,1664746542,2022-10-02 23:35:42
15311,64.11,1664746843,2022-10-02 23:40:43
15313,63.72,1664747145,2022-10-02 23:45:45
15315,63.95,1664747447,2022-10-02 23:50:47
15317,64.30,1664747748,2022-10-02 23:55:48
15319,63.97,1664748049,2022-10-03 00:00:49
15321,64.20,1664748350,2022-10-03 00:05:50
15323,64.41,1664748652,2022-10-03 00:10:52
15325,64.22,1664748954,2022-10-03 00:15:54
15327,63.95,1664749256,2022-10-03 00:20:56
15329,63.86,1664749558,2022-10-03 00:25:58
15331,64.26,1664749859,2022-10-03 00:30:59
15333,64.36,1664750160,2022-10-03 00:36:00
15335,64.50,1664750461,2022-10-03 00:41:01
15337,64.23,1664750762,2022-10-03 00:46:02
15339,64.6,1664751063,2022-10-03 00:51:03
15341,64.91,1664751365,2022-10-03 00:56:05
15343,64.26,1664751666,2022-10-03 01:01:06
15345,64.51,1664751967,2022-10-03 01:06:07
15347,64.83,1664752268,2022-10-03 01:11:08
15349,64.45,1664752570,2022-10-03 01:16:10
15351,64.73,1664752871,2022-10-03 01:21:11
15353,65.0,1664753173,2022-10-03 01:26:13
15355,64.87,1664753474,2022-10-03 01:31:14
15357,64.44,1664753775,2022-10-03 01:36:15
15359,64.93,1664754076,2022-10-03 01:41:16
15361,64.95,1664754378,2022-10-03 01:46:18
15363,64.91,1664754679,2022-10-03 01:51:19
15365,65.5,1664754980,2022-10-03 01:56:20
15367,64.80,1664755282,2022-10-03 02:01:22
15369,65.29,1664755583,2022-10-03 02:06:23
15371,65.4,1664755884,2022-10-03 02:11:24
15373,64.91,1664756186,2022-10-03 02:16:26
15375,65.11,1664756488,2022-10-03 02:21:28
15377,65.12,1664756790,2022-10-03 02:26:30
15379,65.12,1664757091,2022-10-03 02:31:31
15381,65.16,1664757392,2022-10-03 02:36:32
15383,65.8,1664757693,2022-10-03 02:41:33
15385,65.19,1664757994,2022-10-03 02:46:34
15387,65.11,1664758297,2022-10-03 02:51:37
15389,65.84,1664758598,2022-10-03 02:56:38
15391,64.87,1664758900,2022-10-03 03:01:40
15393,64.90,1664759202,2022-10-03 03:06:42
15395,64.91,1664759503,2022-10-03 03:11:43
15397,65.9,1664759805,2022-10-03 03:16:45
15399,65.47,1664760106,2022-10-03 03:21:46
15401,65.30,1664760407,2022-10-03 03:26:47
15403,64.98,1664760708,2022-10-03 03:31:48
15405,65.0,1664761010,2022-10-03 03:36:50
15407,65.5,1664761312,2022-10-03 03:41:52
15409,64.58,1664761614,2022-10-03 03:46:54
15412,64.98,1664761915,2022-10-03 03:51:55
15414,64.68,1664762217,2022-10-03 03:56:57
15416,64.91,1664762518,2022-10-03 04:01:58
15418,64.58,1664762819,2022-10-03 04:06:59
15420,64.65,1664763120,2022-10-03 04:12:00
15422,64.86,1664763422,2022-10-03 04:17:02
15424,65.90,1664763724,2022-10-03 04:22:04
15426,65.48,1664764025,2022-10-03 04:27:05
15428,65.59,1664764327,2022-10-03 04:32:07
15430,65.30,1664764629,2022-10-03 04:37:09
15432,65.16,1664764931,2022-10-03 04:42:11
15434,65.12,1664765233,2022-10-03 04:47:13
15436,64.91,1664765534,2022-10-03 04:52:14
15438,64.97,1664765836,2022-10-03 04:57:16
15440,64.94,1664766138,2022-10-03 05:02:18
15442,64.88,1664766439,2022-10-03 05:07:19
15444,64.62,1664766740,2022-10-03 05:12:20
15446,64.94,1664767041,2022-10-03 05:17:21
15448,64.98,1664767342,2022-10-03 05:22:22
15450,65.19,1664767644,2022-10-03 05:27:24
15452,65.19,1664767946,2022-10-03 05:32:26
15454,65.1,1664768248,2022-10-03 05:37:28
15456,65.1,1664768549,2022-10-03 05:42:29
15458,65.18,1664768850,2022-10-03 05:47:30
15460,64.83,1664769151,2022-10-03 05:52:31
15462,64.97,1664769453,2022-10-03 05:57:33
15464,64.90,1664769754,2022-10-03 06:02:34
15466,64.94,1664770056,2022-10-03 06:07:36
15468,65.8,1664770357,2022-10-03 06:12:37
15470,65.12,1664770658,2022-10-03 06:17:38
15472,64.98,1664770959,2022-10-03 06:22:39
15474,64.81,1664771260,2022-10-03 06:27:40
15476,64.80,1664771561,2022-10-03 06:32:41
15478,64.90,1664771862,2022-10-03 06:37:42
15480,64.91,1664772164,2022-10-03 06:42:44
15482,64.88,1664772466,2022-10-03 06:47:46
15484,64.77,1664772767,2022-10-03 06:52:47
15486,64.62,1664773074,2022-10-03 06:57:54
15488,64.94,1664773375,2022-10-03 07:02:55
15490,65.26,1664773677,2022-10-03 07:07:57
15492,65.37,1664773978,2022-10-03 07:12:58
15494,65.19,1664774279,2022-10-03 07:17:59
15496,65.31,1664774580,2022-10-03 07:23:00
15498,65.22,1664774881,2022-10-03 07:28:01
15500,65.29,1664775182,2022-10-03 07:33:02
15502,65.23,1664775483,2022-10-03 07:38:03
15504,65.83,1664775785,2022-10-03 07:43:05
15506,65.97,1664776086,2022-10-03 07:48:06
15508,65.76,1664776388,2022-10-03 07:53:08
15510,65.72,1664776690,2022-10-03 07:58:10
15512,65.83,1664776991,2022-10-03 08:03:11
15514,65.73,1664777293,2022-10-03 08:08:13
15516,66.0,1664777594,2022-10-03 08:13:14
15518,65.63,1664777895,2022-10-03 08:18:15
15520,65.48,1664778196,2022-10-03 08:23:16
15522,65.9,1664778498,2022-10-03 08:28:18
15524,65.51,1664778800,2022-10-03 08:33:20
15526,65.55,1664779101,2022-10-03 08:38:21
15528,65.69,1664779402,2022-10-03 08:43:22
15530,65.69,1664779703,2022-10-03 08:48:23
15532,65.63,1664780004,2022-10-03 08:53:24
15534,65.58,1664780305,2022-10-03 08:58:25
15536,65.56,1664780606,2022-10-03 09:03:26
15538,65.59,1664780908,2022-10-03 09:08:28
15540,65.59,1664781209,2022-10-03 09:13:29
15542,65.65,1664781511,2022-10-03 09:18:31
15544,65.69,1664781813,2022-10-03 09:23:33
15546,65.91,1664782114,2022-10-03 09:28:34
15548,65.97,1664782415,2022-10-03 09:33:35
15550,65.94,1664782716,2022-10-03 09:38:36
15552,66.4,1664783018,2022-10-03 09:43:38
15554,66.1,1664783320,2022-10-03 09:48:40
15556,66.1,1664783621,2022-10-03 09:53:41
15558,66.8,1664783922,2022-10-03 09:58:42
15560,66.13,1664784224,2022-10-03 10:03:44
15562,66.16,1664784525,2022-10-03 10:08:45
15564,66.29,1664784827,2022-10-03 10:13:47
15566,66.38,1664785129,2022-10-03 10:18:49
15568,66.33,1664785430,2022-10-03 10:23:50
15570,66.38,1664785731,2022-10-03 10:28:51
15572,66.41,1664786032,2022-10-03 10:33:52
15574,66.31,1664786334,2022-10-03 10:38:54
15576,66.26,1664786636,2022-10-03 10:43:56
15578,66.6,1664786937,2022-10-03 10:48:57
15580,65.87,1664787238,2022-10-03 10:53:58
15582,65.63,1664787540,2022-10-03 10:59:00
15584,65.91,1664787842,2022-10-03 11:04:02
15586,65.86,1664788143,2022-10-03 11:09:03
15588,65.80,1664788445,2022-10-03 11:14:05
15590,65.55,1664788746,2022-10-03 11:19:06
15592,65.55,1664789048,2022-10-03 11:24:08
15594,65.36,1664789349,2022-10-03 11:29:09
15596,64.18,1664789650,2022-10-03 11:34:10
15598,65.15,1664789952,2022-10-03 11:39:12
15600,65.30,1664790254,2022-10-03 11:44:14
15602,65.29,1664790555,2022-10-03 11:49:15
15604,65.45,1664790857,2022-10-03 11:54:17
15606,65.41,1664791159,2022-10-03 11:59:19
15608,65.34,1664791460,2022-10-03 12:04:20
15610,65.19,1664791761,2022-10-03 12:09:21
15612,65.1,1664792063,2022-10-03 12:14:23
15614,65.9,1664792365,2022-10-03 12:19:25
15616,64.91,1664792666,2022-10-03 12:24:26
15618,65.16,1664792967,2022-10-03 12:29:27
15620,65.4,1664793270,2022-10-03 12:34:30
15622,65.15,1664793571,2022-10-03 12:39:31
15624,65.8,1664793873,2022-10-03 12:44:33
15626,65.23,1664794174,2022-10-03 12:49:34
15628,65.4,1664794476,2022-10-03 12:54:36
15630,64.83,1664794777,2022-10-03 12:59:37
15632,64.66,1664795078,2022-10-03 13:04:38
15634,64.40,1664795379,2022-10-03 13:09:39
15636,63.43,1664795680,2022-10-03 13:14:40
15638,63.86,1664795982,2022-10-03 13:19:42
15640,64.0,1664796284,2022-10-03 13:24:44
15642,63.61,1664796585,2022-10-03 13:29:45
15644,63.84,1664796886,2022-10-03 13:34:46
15646,57.74,1664797188,2022-10-03 13:39:48
15648,58.88,1664797490,2022-10-03 13:44:50
15650,59.65,1664797792,2022-10-03 13:49:52
15652,62.11,1664798094,2022-10-03 13:54:54
15654,56.9,1664798395,2022-10-03 13:59:55
15656,58.41,1664798697,2022-10-03 14:04:57
15658,58.63,1664798999,2022-10-03 14:09:59
15660,57.88,1664799300,2022-10-03 14:15:00
15662,56.45,1664799602,2022-10-03 14:20:02
15664,57.97,1664799903,2022-10-03 14:25:03
15666,56.31,1664800204,2022-10-03 14:30:04
15668,54.86,1664800505,2022-10-03 14:35:05
15670,50.15,1664800807,2022-10-03 14:40:07
15672,49.43,1664801109,2022-10-03 14:45:09
15674,50.40,1664801411,2022-10-03 14:50:11
15676,55.54,1664801714,2022-10-03 14:55:14
15678,53.84,1664802015,2022-10-03 15:00:15
15680,55.18,1664802316,2022-10-03 15:05:16
15682,57.18,1664802618,2022-10-03 15:10:18
15684,57.18,1664802920,2022-10-03 15:15:20
15686,55.41,1664803221,2022-10-03 15:20:21
15688,51.34,1664803522,2022-10-03 15:25:22
15690,50.11,1664803824,2022-10-03 15:30:24
15692,49.54,1664804125,2022-10-03 15:35:25
15694,55.13,1664804427,2022-10-03 15:40:27
15696,52.45,1664804729,2022-10-03 15:45:29
15698,55.58,1664805031,2022-10-03 15:50:31
15700,54.59,1664805332,2022-10-03 15:55:32
15702,51.88,1664805633,2022-10-03 16:00:33
15704,51.79,1664805934,2022-10-03 16:05:34
15706,52.74,1664806235,2022-10-03 16:10:35
15708,51.68,1664806536,2022-10-03 16:15:36
15710,54.56,1664806837,2022-10-03 16:20:37
15712,54.49,1664807139,2022-10-03 16:25:39
15714,55.38,1664807441,2022-10-03 16:30:41
15716,55.72,1664807743,2022-10-03 16:35:43
15718,55.9,1664808045,2022-10-03 16:40:45
15720,53.79,1664808347,2022-10-03 16:45:47
15722,54.31,1664808649,2022-10-03 16:50:49
15724,51.95,1664808951,2022-10-03 16:55:51
15726,53.63,1664809253,2022-10-03 17:00:53
15728,55.15,1664809554,2022-10-03 17:05:54
15730,55.95,1664809855,2022-10-03 17:10:55
15732,56.63,1664810157,2022-10-03 17:15:57
15734,56.90,1664810458,2022-10-03 17:20:58
15736,57.11,1664810759,2022-10-03 17:25:59
15738,56.83,1664811060,2022-10-03 17:31:00
15740,57.47,1664811361,2022-10-03 17:36:01
15742,57.70,1664811662,2022-10-03 17:41:02
15744,57.77,1664811963,2022-10-03 17:46:03
15746,56.75,1664812265,2022-10-03 17:51:05
15748,57.88,1664812566,2022-10-03 17:56:06
15750,58.2,1664812867,2022-10-03 18:01:07
15752,57.99,1664813168,2022-10-03 18:06:08
15754,58.20,1664813469,2022-10-03 18:11:09
15756,58.15,1664813770,2022-10-03 18:16:10
15758,58.22,1664814071,2022-10-03 18:21:11
15760,58.20,1664814372,2022-10-03 18:26:12
15762,58.16,1664814674,2022-10-03 18:31:14
15764,58.34,1664814976,2022-10-03 18:36:16
15766,58.56,1664815278,2022-10-03 18:41:18
15768,58.43,1664815580,2022-10-03 18:46:20
15770,57.93,1664815882,2022-10-03 18:51:22
15772,58.29,1664816183,2022-10-03 18:56:23
15774,58.65,1664816485,2022-10-03 19:01:25
15776,58.65,1664816787,2022-10-03 19:06:27
15778,58.77,1664817089,2022-10-03 19:11:29
15780,58.95,1664817394,2022-10-03 19:16:34
15781,58.97,1664817394,2022-10-03 19:16:34
15783,58.95,1664817696,2022-10-03 19:21:36
15785,58.88,1664817998,2022-10-03 19:26:38
15787,58.97,1664818300,2022-10-03 19:31:40
15789,59.11,1664818601,2022-10-03 19:36:41
15791,59.18,1664818903,2022-10-03 19:41:43
15793,59.13,1664819204,2022-10-03 19:46:44
15795,59.18,1664819506,2022-10-03 19:51:46
15797,59.9,1664819807,2022-10-03 19:56:47
15799,59.13,1664820108,2022-10-03 20:01:48
15801,59.25,1664820410,2022-10-03 20:06:50
15803,59.16,1664820712,2022-10-03 20:11:52
15805,59.25,1664821013,2022-10-03 20:16:53
15807,59.38,1664821315,2022-10-03 20:21:55
15809,59.33,1664821617,2022-10-03 20:26:57
15811,59.36,1664821918,2022-10-03 20:31:58
15813,59.50,1664822219,2022-10-03 20:36:59
15815,59.54,1664822521,2022-10-03 20:42:01
15817,59.59,1664822822,2022-10-03 20:47:02
15819,59.56,1664823124,2022-10-03 20:52:04
15821,59.72,1664823426,2022-10-03 20:57:06
15823,59.88,1664823727,2022-10-03 21:02:07
15825,59.88,1664824029,2022-10-03 21:07:09
15827,59.86,1664824331,2022-10-03 21:12:11
15829,59.90,1664824633,2022-10-03 21:17:13
15831,60.2,1664824934,2022-10-03 21:22:14
15833,60.8,1664825235,2022-10-03 21:27:15
15835,59.95,1664825537,2022-10-03 21:32:17
15837,60.4,1664825838,2022-10-03 21:37:18
15839,60.11,1664826139,2022-10-03 21:42:19
15841,60.6,1664826441,2022-10-03 21:47:21
15843,60.13,1664826742,2022-10-03 21:52:22
15845,60.18,1664827043,2022-10-03 21:57:23
15847,60.15,1664827344,2022-10-03 22:02:24
15849,60.15,1664827645,2022-10-03 22:07:25
15851,60.24,1664827947,2022-10-03 22:12:27
15853,60.20,1664828249,2022-10-03 22:17:29
15855,60.22,1664828550,2022-10-03 22:22:30
15857,60.20,1664828851,2022-10-03 22:27:31
15859,60.11,1664829152,2022-10-03 22:32:32
15861,60.13,1664829453,2022-10-03 22:37:33
15863,60.11,1664829755,2022-10-03 22:42:35
15865,60.9,1664830056,2022-10-03 22:47:36
15867,60.6,1664830358,2022-10-03 22:52:38
15869,60.9,1664830659,2022-10-03 22:57:39
15871,60.9,1664830960,2022-10-03 23:02:40
15873,60.34,1664831261,2022-10-03 23:07:41
15875,60.36,1664831563,2022-10-03 23:12:43
15877,60.27,1664831866,2022-10-03 23:17:46
15879,60.25,1664832167,2022-10-03 23:22:47
15881,60.20,1664832468,2022-10-03 23:27:48
15883,60.18,1664832770,2022-10-03 23:32:50
15885,60.16,1664833071,2022-10-03 23:37:51
15887,60.18,1664833372,2022-10-03 23:42:52
15889,60.18,1664833673,2022-10-03 23:47:53
15891,60.16,1664833974,2022-10-03 23:52:54
15893,60.13,1664834275,2022-10-03 23:57:55